schema,KPI_Label,Formula,KPI_Name,Properties_Key,report_name,Schema_Original,Description
apn,APN Accounting Requests Sent To AAA On Ga Interface,(%acc-req-sent%),kpi_APN_Accounting_Requests_Sent_To_AAA_On_Ga_Interface,wrnApnAccountingStats,StarOS APN Accounting Statistics,APN,APN Accounting Requests Sent To AAA On Ga Interface
apn,APN Accounting Response Received From AAA On Ga Interface,(%acc-rsp-rcvd%),kpi_APN_Accounting_Response_Received_From_AAA_On_Ga_Interface,wrnApnAccountingStats,StarOS APN Accounting Statistics,APN,APN Accounting Response Received From AAA On Ga Interface
apn,APN Accounting Requests Timed Out,(%acc-req-timeout%),kpi_APN_Accounting_Requests_Timed_Out,wrnApnAccountingStats,StarOS APN Accounting Statistics,APN,APN Accounting Requests Timed Out
apn,APN Authentication Requests Sent To AAA On Ga Interface,(%auth-req-sent%),kpi_APN_Authentication_Requests_Sent_To_AAA_On_Ga_Interface,wrnApnAggAuthentication,StarOS APN Aggregate Authentication Statistics,APN,APN Authentication Requests Sent To AAA On Ga Interface
apn,APN Authentication Accept Received From AAA On Ga Interface,(%auth-acc-rcvd%),kpi_APN_Authentication_Accept_Received_From_AAA_On_Ga_Interface,wrnApnAggAuthentication,StarOS APN Aggregate Authentication Statistics,APN,APN Authentication Accept Received From AAA On Ga Interface
apn,APN Authentication Requests Timed Out,(%auth-timeout%),kpi_APN_Authentication_Requests_Timed_Out,wrnApnAggAuthentication,StarOS APN Aggregate Authentication Statistics,APN,APN Authentication Requests Timed Out
apn,APN Internet/PDN On Gi Interface Packets With Background QOS Sent,(%qosback-pkts-uplnk%),kpi_APN_Internet_PDN_On_Gi_Interface_Packets_With_Background_QOS_Sent,wrnApnAggBackgroundQos,StarOS APN Aggregate Background QOS Sent Statistics,APN,APN Internet/PDN On Gi Interface Packets With Background QOS Sent
apn,APN MS On GTP Interface Packets With Background QOS Sent,(%qosback-pkts-dnlnk%),kpi_APN_MS_On_GTP_Interface_Packets_With_Background_QOS_Sent,wrnApnAggBackgroundQos,StarOS APN Aggregate Background QOS Sent Statistics,APN,APN MS On GTP Interface Packets With Background QOS Sent
apn,APN Total Number of Active Default Bearers,(%act-defbear%),kpi_APN_Total_Number_of_Active_Default_Bearers,wrnApnAggBearersStats,StarOS APN Aggregate Bearers Statistics,APN,APN Total Number of Active Default Bearers
apn,APN Total Number of Active Dedicated Bearers,(%act-dedbear%),kpi_APN_Total_Number_of_Active_Dedicated_Bearers,wrnApnAggBearersStats,StarOS APN Aggregate Bearers Statistics,APN,APN Total Number of Active Dedicated Bearers
apn,APN Default Bearer Setup,(%setup-defbear%),kpi_APN_Default_Bearer_Setup,wrnApnAggBearersStats,StarOS APN Aggregate Bearers Statistics,APN,APN Default Bearer Setup
apn,APN Dedicated Bearer Setup,(%setup-dedbear%),kpi_APN_Dedicated_Bearer_Setup,wrnApnAggBearersStats,StarOS APN Aggregate Bearers Statistics,APN,APN Dedicated Bearer Setup
apn,APN IP Input Exceeded MBR Bytes Dropped,(%inexcd-mbr-byte-drop%),kpi_APN_IP_Input_Exceeded_MBR_Bytes_Dropped,wrnApnAggBytesdropped,StarOS APN Aggregate Bytes Dropped Data Statistics,APN,APN IP Input Exceeded MBR Bytes Dropped
apn,APN IP Input Exceeded GBR Bytes Dropped,(%inexcd-gbr-byte-drop%),kpi_APN_IP_Input_Exceeded_GBR_Bytes_Dropped,wrnApnAggBytesdropped,StarOS APN Aggregate Bytes Dropped Data Statistics,APN,APN IP Input Exceeded GBR Bytes Dropped
apn,APN IP Input Exceeded AMBR Bytes Dropped,(%inexcd-ambr-byte-drop%),kpi_APN_IP_Input_Exceeded_AMBR_Bytes_Dropped,wrnApnAggBytesdropped,StarOS APN Aggregate Bytes Dropped Data Statistics,APN,APN IP Input Exceeded AMBR Bytes Dropped
apn,APN IP Output Exceeded MBR Bytes Dropped,(%outexcd-mbr-byte-drop%),kpi_APN_IP_Output_Exceeded_MBR_Bytes_Dropped,wrnApnAggBytesdropped,StarOS APN Aggregate Bytes Dropped Data Statistics,APN,APN IP Output Exceeded MBR Bytes Dropped
apn,APN IP Output Exceeded GBR Bytes Dropped,(%outexcd-gbr-byte-drop%),kpi_APN_IP_Output_Exceeded_GBR_Bytes_Dropped,wrnApnAggBytesdropped,StarOS APN Aggregate Bytes Dropped Data Statistics,APN,APN IP Output Exceeded GBR Bytes Dropped
apn,APN IP Output Exceeded AMBR Bytes Dropped,(%outexcd-ambr-byte-drop%),kpi_APN_IP_Output_Exceeded_AMBR_Bytes_Dropped,wrnApnAggBytesdropped,StarOS APN Aggregate Bytes Dropped Data Statistics,APN,APN IP Output Exceeded AMBR Bytes Dropped
apn,APN GGSN Uplink Bytes Dropped Total Number,(%uplnk-bytes-drop%),kpi_APN_GGSN_Uplink_Bytes_Dropped_Total_Number,wrnApnAggDroppedStats,StarOS APN Aggregate Interface Dropped Traffic Statistics,APN,APN GGSN Uplink Bytes Dropped Total Number
apn,APN GGSN Downlink Bytes Dropped Total Number,(%dnlnk-bytes-drop%),kpi_APN_GGSN_Downlink_Bytes_Dropped_Total_Number,wrnApnAggDroppedStats,StarOS APN Aggregate Interface Dropped Traffic Statistics,APN,APN GGSN Downlink Bytes Dropped Total Number
apn,APN GGSN Uplink Packets Dropped Total Number,(%uplnk-drop%),kpi_APN_GGSN_Uplink_Packets_Dropped_Total_Number,wrnApnAggDroppedStats,StarOS APN Aggregate Interface Dropped Traffic Statistics,APN,APN GGSN Uplink Packets Dropped Total Number
apn,APN GGSN Downlink Packets Dropped Total Number,(%dnlnk-drop%),kpi_APN_GGSN_Downlink_Packets_Dropped_Total_Number,wrnApnAggDroppedStats,StarOS APN Aggregate Interface Dropped Traffic Statistics,APN,APN GGSN Downlink Packets Dropped Total Number
apn,APN GGSN Uplink Bytes Total Number,(%uplnk-bytes%),kpi_APN_GGSN_Uplink_Bytes_Total_Number,wrnApnAggSentStatistics,StarOS APN Aggregate Interface Traffic Statistics,APN,APN GGSN Uplink Bytes Total Number
apn,APN GGSN Downlink Bytes Total Number,(%dnlnk-bytes%),kpi_APN_GGSN_Downlink_Bytes_Total_Number,wrnApnAggSentStatistics,StarOS APN Aggregate Interface Traffic Statistics,APN,APN GGSN Downlink Bytes Total Number
apn,APN GGSN Uplink Packets Total Number,(%uplnk-pkts%),kpi_APN_GGSN_Uplink_Packets_Total_Number,wrnApnAggSentStatistics,StarOS APN Aggregate Interface Traffic Statistics,APN,APN GGSN Uplink Packets Total Number
apn,APN GGSN Downlink Packets Total Number,(%dnlnk-pkts%),kpi_APN_GGSN_Downlink_Packets_Total_Number,wrnApnAggSentStatistics,StarOS APN Aggregate Interface Traffic Statistics,APN,APN GGSN Downlink Packets Total Number
apn,APN IP Packets Received And Dropped - Bad Header,(%bad-hdr%),kpi_APN_IP_Packets_Received_And_Dropped_Bad_Header,wrnApnAggIpPacketsDropped,StarOS APN Aggregate IP Packets Dropped Statistics,APN,APN IP Packets Received And Dropped - Bad Header
apn,APN IP Packets Received And Dropped - ACL Filtering,(%ttl-excd%),kpi_APN_IP_Packets_Received_And_Dropped_ACL_Filtering,wrnApnAggIpPacketsDropped,StarOS APN Aggregate IP Packets Dropped Statistics,APN,APN IP Packets Received And Dropped - ACL Filtering
apn,APN IP Packets Received And Dropped - TTL Value Of 0,(%inacl-drop%),kpi_APN_IP_Packets_Received_And_Dropped_TTL_Value_Of_0,wrnApnAggIpPacketsDropped,StarOS APN Aggregate IP Packets Dropped Statistics,APN,APN IP Packets Received And Dropped - TTL Value Of 0
apn,APN Outbound IP Packets Dropped - ACL Filtering,(%outacl-drop%),kpi_APN_Outbound_IP_Packets_Dropped_ACL_Filtering,wrnApnAggIpPacketsDropped,StarOS APN Aggregate IP Packets Dropped Statistics,APN,APN Outbound IP Packets Dropped - ACL Filtering
apn,APN Source Violation Detected - Packets Dropped,(%bad-src-addr%),kpi_APN_Source_Violation_Detected_Packets_Dropped,wrnApnAggIpPacketsDropped,StarOS APN Aggregate IP Packets Dropped Statistics,APN,APN Source Violation Detected - Packets Dropped
apn,APN IP Packets Fragmented Before Sending On GTP Tunnel,(%frag-sent%),kpi_APN_IP_Packets_Fragmented_Before_Sending_On_GTP_Tunnel,wrnApnAggFragmentation,StarOS APN Aggregate IP Packets Fragmentation Statistics,APN,APN IP Packets Fragmented Before Sending On GTP Tunnel
apn,APN IP Packets Fragmentation Failed,(%frag-fail%),kpi_APN_IP_Packets_Fragmentation_Failed,wrnApnAggFragmentation,StarOS APN Aggregate IP Packets Fragmentation Statistics,APN,APN IP Packets Fragmentation Failed
apn,APN IPv4 PDP Contexts Requesting Dynamically Assigned IP Addresses,(%dyn-ipv4-attempt%),kpi_APN_IPv4_PDP_Contexts_Requesting_Dynamically_Assigned_IP_Addresses,wrnApnAggIpAdressStats,StarOS APN Aggregate IP PDP Contexts Request Statistics,APN,APN IPv4 PDP Contexts Requesting Dynamically Assigned IP Addresses
apn,APN IPv6 PDP Contexts Requesting Dynamically Assigned IP Addresses,(%dyn-ipv6-attempt%),kpi_APN_IPv6_PDP_Contexts_Requesting_Dynamically_Assigned_IP_Addresses,wrnApnAggIpAdressStats,StarOS APN Aggregate IP PDP Contexts Request Statistics,APN,APN IPv6 PDP Contexts Requesting Dynamically Assigned IP Addresses
apn,APN Active IPv4 Sessions,(%pdn-ipv4-actsess%),kpi_APN_Active_IPv4_Sessions,wrnApnAggIPv4Sessions,StarOS APN Aggregate IPv4 Sessions Statistics,APN,APN Active IPv4 Sessions
apn,APN Setup IPv4 Sessions,(%pdn-ipv4-setupsess%),kpi_APN_Setup_IPv4_Sessions,wrnApnAggIPv4Sessions,StarOS APN Aggregate IPv4 Sessions Statistics,APN,APN Setup IPv4 Sessions
apn,APN Released IPv4 Sessions,(%pdn-ipv4-relsess%),kpi_APN_Released_IPv4_Sessions,wrnApnAggIPv4Sessions,StarOS APN Aggregate IPv4 Sessions Statistics,APN,APN Released IPv4 Sessions
apn,APN Active IPv4-In-IPv6 Sessions,(%pdn-ipv4v6-actsess%),kpi_APN_Active_IPv4_In_IPv6_Sessions,wrnApnAggIPv4IPv6Sessions,StarOS APN Aggregate IPv4-In-IPv6 Sessions Statistics,APN,APN Active IPv4-In-IPv6 Sessions
apn,APN Setup IPv4-In-IPv6 Sessions,(%pdn-ipv4v6-setupsess%),kpi_APN_Setup_IPv4_In_IPv6_Sessions,wrnApnAggIPv4IPv6Sessions,StarOS APN Aggregate IPv4-In-IPv6 Sessions Statistics,APN,APN Setup IPv4-In-IPv6 Sessions
apn,APN Released IPv4-In-IPv6 Sessions,(%pdn-ipv4v6-relsess%),kpi_APN_Released_IPv4_In_IPv6_Sessions,wrnApnAggIPv4IPv6Sessions,StarOS APN Aggregate IPv4-In-IPv6 Sessions Statistics,APN,APN Released IPv4-In-IPv6 Sessions
apn,APN Active IPv6 Sessions,(%pdn-ipv6-actsess%),kpi_APN_Active_IPv6_Sessions,wrnApnAggIPv6Sessions,StarOS APN Aggregate IPv6 Sessions Statistics,APN,APN Active IPv6 Sessions
apn,APN Setup IPv6 Sessions,(%pdn-ipv6-setupsess%),kpi_APN_Setup_IPv6_Sessions,wrnApnAggIPv6Sessions,StarOS APN Aggregate IPv6 Sessions Statistics,APN,APN Setup IPv6 Sessions
apn,APN Released IPv6 Sessions,(%pdn-ipv6-relsess%),kpi_APN_Released_IPv6_Sessions,wrnApnAggIPv6Sessions,StarOS APN Aggregate IPv6 Sessions Statistics,APN,APN Released IPv6 Sessions
apn,APN Allocated IPv6 Addresses From Stateless Auto-Configuration,(%addr-ipv6-stateless-autocnf%),kpi_APN_Allocated_IPv6_Addresses_From_Stateless_Auto_Configuration,wrnApnAggIPv6Sessions,StarOS APN Aggregate IPv6 Sessions Statistics,APN,APN Allocated IPv6 Addresses From Stateless Auto-Configuration
apn,APN IP Input Miscellaneous Packets Dropped,(%inmisc-pkt-drop%),kpi_APN_IP_Input_Miscellaneous_Packets_Dropped,wrnApnAggMiscellaneous,StarOS APN Aggregate Miscellaneous Statistics,APN,APN IP Input Miscellaneous Packets Dropped
apn,APN IP Input Miscellaneous Bytes Dropped,(%inmisc-byte-drop%),kpi_APN_IP_Input_Miscellaneous_Bytes_Dropped,wrnApnAggMiscellaneous,StarOS APN Aggregate Miscellaneous Statistics,APN,APN IP Input Miscellaneous Bytes Dropped
apn,APN IP Output Miscellaneous Packets Dropped,(%outmisc-pkt-drop%),kpi_APN_IP_Output_Miscellaneous_Packets_Dropped,wrnApnAggMiscellaneous,StarOS APN Aggregate Miscellaneous Statistics,APN,APN IP Output Miscellaneous Packets Dropped
apn,APN IP Output Miscellaneous Bytes Dropped,(%outmisc-byte-drop%),kpi_APN_IP_Output_Miscellaneous_Bytes_Dropped,wrnApnAggMiscellaneous,StarOS APN Aggregate Miscellaneous Statistics,APN,APN IP Output Miscellaneous Bytes Dropped
apn,APN UE-Initiated Modified Bearers,(%mod-uebear%),kpi_APN_UE_Initiated_Modified_Bearers,wrnApnAggModifiedBearers,StarOS APN Aggregate Modified Bearers Statistics,APN,APN UE-Initiated Modified Bearers
apn,APN Network-Initiated Modified Bearers,(%mod-nwbear%),kpi_APN_Network_Initiated_Modified_Bearers,wrnApnAggModifiedBearers,StarOS APN Aggregate Modified Bearers Statistics,APN,APN Network-Initiated Modified Bearers
apn,APN Failed UE-Initiated Modified Bearers,(%ue-init-modfail%),kpi_APN_Failed_UE_Initiated_Modified_Bearers,wrnApnAggModifiedBearers,StarOS APN Aggregate Modified Bearers Statistics,APN,APN Failed UE-Initiated Modified Bearers
apn,APN Failed Network-Initiated Modified Bearers,(%nw-init-modfail%),kpi_APN_Failed_Network_Initiated_Modified_Bearers,wrnApnAggModifiedBearers,StarOS APN Aggregate Modified Bearers Statistics,APN,APN Failed Network-Initiated Modified Bearers
apn,APN IP Input Exceeded MBR Packets Dropped,(%inexcd-mbr-pkt-drop%),kpi_APN_IP_Input_Exceeded_MBR_Packets_Dropped,wrnApnAggPacketsDroppedData,StarOS APN Aggregate Packets Dropped Data Statistics,APN,APN IP Input Exceeded MBR Packets Dropped
apn,APN IP Input Exceeded GBR Packets Dropped,(%inexcd-gbr-pkt-drop%),kpi_APN_IP_Input_Exceeded_GBR_Packets_Dropped,wrnApnAggPacketsDroppedData,StarOS APN Aggregate Packets Dropped Data Statistics,APN,APN IP Input Exceeded GBR Packets Dropped
apn,APN IP Input Exceeded AMBR Packets Dropped,(%inexcd-ambr-pkt-drop%),kpi_APN_IP_Input_Exceeded_AMBR_Packets_Dropped,wrnApnAggPacketsDroppedData,StarOS APN Aggregate Packets Dropped Data Statistics,APN,APN IP Input Exceeded AMBR Packets Dropped
apn,APN IP Output Exceeded MBR Packets Dropped,(%outexcd-mbr-pkt-drop%),kpi_APN_IP_Output_Exceeded_MBR_Packets_Dropped,wrnApnAggPacketsDroppedData,StarOS APN Aggregate Packets Dropped Data Statistics,APN,APN IP Output Exceeded MBR Packets Dropped
apn,APN IP Output Exceeded GBR Packets Dropped,(%outexcd-gbr-pkt-drop%),kpi_APN_IP_Output_Exceeded_GBR_Packets_Dropped,wrnApnAggPacketsDroppedData,StarOS APN Aggregate Packets Dropped Data Statistics,APN,APN IP Output Exceeded GBR Packets Dropped
apn,APN IP Output Exceeded AMBR Packets Dropped,(%outexcd-ambr-pkt-drop%),kpi_APN_IP_Output_Exceeded_AMBR_Packets_Dropped,wrnApnAggPacketsDroppedData,StarOS APN Aggregate Packets Dropped Data Statistics,APN,APN IP Output Exceeded AMBR Packets Dropped
apn,PDP Contexts Facilitated By APN - Used Static IP Addresses,(%addr-stat%),kpi_PDP_Contexts_Facilitated_By_APN_Used_Static_IP_Addresses,wrnApnAggPDPContextIPAddr,StarOS APN Aggregate PDP Contexts IP Address Statistics,APN,PDP Contexts Facilitated By APN - Used Static IP Addresses
apn,PDP Contexts Facilitated By APN Allocated IP Addresses - Pools Configured Locally,(%addr-lpool%),kpi_PDP_Contexts_Facilitated_By_APN_Allocated_IP_Addresses_Pools_Configured_Locally,wrnApnAggPDPContextIPAddr,StarOS APN Aggregate PDP Contexts IP Address Statistics,APN,PDP Contexts Facilitated By APN Allocated IP Addresses - Pools Configured Locally
apn,PDP Contexts Facilitated By APN Allocated IP Addresses - RADIUS server,(%addr-rad%),kpi_PDP_Contexts_Facilitated_By_APN_Allocated_IP_Addresses_RADIUS_server,wrnApnAggPDPContextIPAddr,StarOS APN Aggregate PDP Contexts IP Address Statistics,APN,PDP Contexts Facilitated By APN Allocated IP Addresses - RADIUS server
apn,PDP Contexts Facilitated By APN Allocated IP Addresses - DHCP,(%addr-dhcp%),kpi_PDP_Contexts_Facilitated_By_APN_Allocated_IP_Addresses_DHCP,wrnApnAggPDPContextIPAddr,StarOS APN Aggregate PDP Contexts IP Address Statistics,APN,PDP Contexts Facilitated By APN Allocated IP Addresses - DHCP
apn,PDP Contexts Facilitated By APN Allocated IP Addresses - DHCP Relay,(%addr-dhcp-rly%),kpi_PDP_Contexts_Facilitated_By_APN_Allocated_IP_Addresses_DHCP_Relay,wrnApnAggPDPContextIPAddr,StarOS APN Aggregate PDP Contexts IP Address Statistics,APN,PDP Contexts Facilitated By APN Allocated IP Addresses - DHCP Relay
apn,PDP Contexts Facilitated By APN Not Allocated IP Addresses,(%addr-no-alloc%),kpi_PDP_Contexts_Facilitated_By_APN_Not_Allocated_IP_Addresses,wrnApnAggPDPContextIPAddr,StarOS APN Aggregate PDP Contexts IP Address Statistics,APN,PDP Contexts Facilitated By APN Not Allocated IP Addresses
apn,APN CPC Request,(%att-pdp-ctxt%),kpi_APN_CPC_Request,wrnApnAggPDPContextReq,StarOS APN Aggregate PDP Contexts Request Statistics,APN,APN CPC Request
apn,APN DPC Request Transmitted,(%att-deact-pdp-ggsn%),kpi_APN_DPC_Request_Transmitted,wrnApnAggPDPContextReq,StarOS APN Aggregate PDP Contexts Request Statistics,APN,APN DPC Request Transmitted
apn,APN DPC Request Transmitted Accepted,(%succ-deact-pdp-ggsn%),kpi_APN_DPC_Request_Transmitted_Accepted,wrnApnAggPDPContextReq,StarOS APN Aggregate PDP Contexts Request Statistics,APN,APN DPC Request Transmitted Accepted
apn,APN DPC Request Received,(%att-deact-pdp-ms%),kpi_APN_DPC_Request_Received,wrnApnAggPDPContextReq,StarOS APN Aggregate PDP Contexts Request Statistics,APN,APN DPC Request Received
apn,APN DPC Request Successful From MS,(%succ-deact-pdp-ms%),kpi_APN_DPC_Request_Successful_From_MS,wrnApnAggPDPContextReq,StarOS APN Aggregate PDP Contexts Request Statistics,APN,APN DPC Request Successful From MS
apn,PDP Contexts Currently Facilitated By APN,(%sess-curr%),kpi_PDP_Contexts_Currently_Facilitated_By_APN,wrnApnAggPDPContextStats,StarOS APN Aggregate PDP Contexts Statistics,APN,PDP Contexts Currently Facilitated By APN
apn,PDP Contexts Currently Facilitated By Entire System,(%sess-curr-all%),kpi_PDP_Contexts_Currently_Facilitated_By_Entire_System,wrnApnAggPDPContextStats,StarOS APN Aggregate PDP Contexts Statistics,APN,PDP Contexts Currently Facilitated By Entire System
apn,Total PDP Contexts Facilitated By APN,(%sess-tot%),kpi_Total_PDP_Contexts_Facilitated_By_APN,wrnApnAggPDPContextStats,StarOS APN Aggregate PDP Contexts Statistics,APN,Total PDP Contexts Facilitated By APN
apn,Total PDP Contexts Facilitated By Entire System,(%sess-tot-all%),kpi_Total_PDP_Contexts_Facilitated_By_Entire_System,wrnApnAggPDPContextStats,StarOS APN Aggregate PDP Contexts Statistics,APN,Total PDP Contexts Facilitated By Entire System
apn,GGSN Current Number of  PDP per System,(%sess-curr-all%),kpi_GGSN_Current_Number_of_PDP_per_System,wrnApnAggPDPContextStats,StarOS APN Aggregate PDP Contexts Statistics,APN,GGSN Current Number of  PDP per System
apn,GGSN Total Number of  PDP per System,(%sess-tot-all%),kpi_GGSN_Total_Number_of_PDP_per_System,wrnApnAggPDPContextStats,StarOS APN Aggregate PDP Contexts Statistics,APN,GGSN Total Number of  PDP per System
apn,APN Internet/PDN On Gi Interface Packets with Interactive QOS Priority 1 Sent,(%qosint1-pkts-uplnk%),kpi_APN_Internet_PDN_On_Gi_Interface_Packets_with_Interactive_QOS_Priority_1_Sent,wrnApnAggQosPrioritySent,StarOS APN Aggregate QOS Priority Sent Statistics,APN,APN Internet/PDN On Gi Interface Packets with Interactive QOS Priority 1 Sent
apn,APN MS On GTP Interface Packets with Interactive QOS Priority 1 Sent,(%qosint1-pkts-dnlnk%),kpi_APN_MS_On_GTP_Interface_Packets_with_Interactive_QOS_Priority_1_Sent,wrnApnAggQosPrioritySent,StarOS APN Aggregate QOS Priority Sent Statistics,APN,APN MS On GTP Interface Packets with Interactive QOS Priority 1 Sent
apn,APN Internet/PDN On Gi Interface Packets with Interactive QOS Priority 2 Sent,(%qosint2-pkts-uplnk%),kpi_APN_Internet_PDN_On_Gi_Interface_Packets_with_Interactive_QOS_Priority_2_Sent,wrnApnAggQosPrioritySent,StarOS APN Aggregate QOS Priority Sent Statistics,APN,APN Internet/PDN On Gi Interface Packets with Interactive QOS Priority 2 Sent
apn,APN MS On GTP Interface Packets with Interactive QOS Priority 2 Sent,(%qosint2-pkts-dnlnk%),kpi_APN_MS_On_GTP_Interface_Packets_with_Interactive_QOS_Priority_2_Sent,wrnApnAggQosPrioritySent,StarOS APN Aggregate QOS Priority Sent Statistics,APN,APN MS On GTP Interface Packets with Interactive QOS Priority 2 Sent
apn,APN Internet/PDN On Gi Interface Packets with Interactive QOS All Priorities Sent,(%qosint-pkts-uplnk%),kpi_APN_Internet_PDN_On_Gi_Interface_Packets_with_Interactive_QOS_All_Priorities_Sent,wrnApnAggQosPrioritySent,StarOS APN Aggregate QOS Priority Sent Statistics,APN,APN Internet/PDN On Gi Interface Packets with Interactive QOS All Priorities Sent
apn,APN MS On GTP Interface Packets with Interactive QOS All Priorities Sent,(%qosint-pkts-dnlnk%),kpi_APN_MS_On_GTP_Interface_Packets_with_Interactive_QOS_All_Priorities_Sent,wrnApnAggQosPrioritySent,StarOS APN Aggregate QOS Priority Sent Statistics,APN,APN MS On GTP Interface Packets with Interactive QOS All Priorities Sent
apn,APN Internet/PDN On Gi Interface Packets With Conversational QOS Sent,(%qosconv-pkts-uplnk%),kpi_APN_Internet_PDN_On_Gi_Interface_Packets_With_Conversational_QOS_Sent,wrnApnAggQosSentStats,StarOS APN Aggregate QOS Sent Statistics,APN,APN Internet/PDN On Gi Interface Packets With Conversational QOS Sent
apn,APN MS On GTP Interface Packets With Conversational QOS Sent,(%qosconv-pkts-dnlnk%),kpi_APN_MS_On_GTP_Interface_Packets_With_Conversational_QOS_Sent,wrnApnAggQosSentStats,StarOS APN Aggregate QOS Sent Statistics,APN,APN MS On GTP Interface Packets With Conversational QOS Sent
apn,APN Internet/PDN On Gi Interface Packets With Streaming QOS Sent,(%qosstrm-pkts-uplnk%),kpi_APN_Internet_PDN_On_Gi_Interface_Packets_With_Streaming_QOS_Sent,wrnApnAggQosSentStats,StarOS APN Aggregate QOS Sent Statistics,APN,APN Internet/PDN On Gi Interface Packets With Streaming QOS Sent
apn,APN MS On GTP Interface Packets With Streaming QOS Sent,(%qosstrm-pkts-dnlnk%),kpi_APN_MS_On_GTP_Interface_Packets_With_Streaming_QOS_Sent,wrnApnAggQosSentStats,StarOS APN Aggregate QOS Sent Statistics,APN,APN MS On GTP Interface Packets With Streaming QOS Sent
apn,APN Rejected Default Bearer,(%rej-defbear%),kpi_APN_Rejected_Default_Bearer,wrnApnAggRejectedBearers,StarOS APN Aggregate Rejected Bearers Statistics,APN,APN Rejected Default Bearer
apn,APN Rejected Dedicated Bearer,(%rej-dedbear%),kpi_APN_Rejected_Dedicated_Bearer,wrnApnAggRejectedBearers,StarOS APN Aggregate Rejected Bearers Statistics,APN,APN Rejected Dedicated Bearer
apn,APN Released Default Bearers,(%rel-defbear%),kpi_APN_Released_Default_Bearers,wrnApnAggReleasedBearers,StarOS APN Aggregate Released Bearers Statistics,APN,APN Released Default Bearers
apn,APN Released Dedicated Bearers,(%rel-dedbear%),kpi_APN_Released_Dedicated_Bearers,wrnApnAggReleasedBearers,StarOS APN Aggregate Released Bearers Statistics,APN,APN Released Dedicated Bearers
apn,APN Default Released Bearers Failures,(%rel-fail-defbear%),kpi_APN_Default_Released_Bearers_Failures,wrnApnAggReleasedBearers,StarOS APN Aggregate Released Bearers Statistics,APN,APN Default Released Bearers Failures
apn,APN Dedicated Released Bearers Failures,(%rel-fail-dedbear%),kpi_APN_Dedicated_Released_Bearers_Failures,wrnApnAggReleasedBearers,StarOS APN Aggregate Released Bearers Statistics,APN,APN Dedicated Released Bearers Failures
apn,APN Average Data Rate Bits Per Seconds From User,(%data-fromuseravg-bps%),kpi_APN_Average_Data_Rate_Bits_Per_Seconds_From_User,wrnApnAggUserDataBpsStats,StarOS APN Aggregate User Data Bps Statistics,APN,APN Average Data Rate Bits Per Seconds From User
apn,APN Average Data Rate Bits Per Seconds Towards User,(%data-touseravg-bps%),kpi_APN_Average_Data_Rate_Bits_Per_Seconds_Towards_User,wrnApnAggUserDataBpsStats,StarOS APN Aggregate User Data Bps Statistics,APN,APN Average Data Rate Bits Per Seconds Towards User
apn,APN Sustained Data Rate Bits Per Seconds From User,(%data-fromusersust-bps%),kpi_APN_Sustained_Data_Rate_Bits_Per_Seconds_From_User,wrnApnAggUserDataBpsStats,StarOS APN Aggregate User Data Bps Statistics,APN,APN Sustained Data Rate Bits Per Seconds From User
apn,APN Sustained Data Rate Bits Per Seconds Towards User,(%data-tousersust-bps%),kpi_APN_Sustained_Data_Rate_Bits_Per_Seconds_Towards_User,wrnApnAggUserDataBpsStats,StarOS APN Aggregate User Data Bps Statistics,APN,APN Sustained Data Rate Bits Per Seconds Towards User
apn,APN Average Data Rate Packets Per Seconds From User,(%data-fromuseravg-pps%),kpi_APN_Average_Data_Rate_Packets_Per_Seconds_From_User,wrnApnAggUserDataPpsStats,StarOS APN Aggregate User Data Pps Statistics,APN,APN Average Data Rate Packets Per Seconds From User
apn,APN Average Data Rate Packets Per Seconds Towards User,(%data-touseravg-pps%),kpi_APN_Average_Data_Rate_Packets_Per_Seconds_Towards_User,wrnApnAggUserDataPpsStats,StarOS APN Aggregate User Data Pps Statistics,APN,APN Average Data Rate Packets Per Seconds Towards User
apn,APN Sustained Data Rate Packets Per Seconds From User,(%data-fromusersust-pps%),kpi_APN_Sustained_Data_Rate_Packets_Per_Seconds_From_User,wrnApnAggUserDataPpsStats,StarOS APN Aggregate User Data Pps Statistics,APN,APN Sustained Data Rate Packets Per Seconds From User
apn,APN Sustained Data Rate Packets Per Seconds Towards User,(%data-tousersust-pps%),kpi_APN_Sustained_Data_Rate_Packets_Per_Seconds_Towards_User,wrnApnAggUserDataPpsStats,StarOS APN Aggregate User Data Pps Statistics,APN,APN Sustained Data Rate Packets Per Seconds Towards User
apn,APN Dedicated Bearers Admin Clear,(%sessstat-bearrel-ded-admin-clear%),kpi_APN_Dedicated_Bearers_Admin_Clear,wrnApnBearerStats,StarOS APN Dedicated Bearers Statistics,APN,APN Dedicated Bearers Admin Clear
apn,APN Dedicated Bearers Admin Clear QCI1,(%sessstat-bearrel-ded-admin-clear-qci1%),kpi_APN_Dedicated_Bearers_Admin_Clear_QCI1,wrnApnBearerStats,StarOS APN Dedicated Bearers Statistics,APN,APN Dedicated Bearers Admin Clear QCI1
apn,APN Dedicated Bearers Admin Clear QCI2,(%sessstat-bearrel-ded-admin-clear-qci2%),kpi_APN_Dedicated_Bearers_Admin_Clear_QCI2,wrnApnBearerStats,StarOS APN Dedicated Bearers Statistics,APN,APN Dedicated Bearers Admin Clear QCI2
apn,APN Dedicated Bearers Admin Clear QCI3,(%sessstat-bearrel-ded-admin-clear-qci3%),kpi_APN_Dedicated_Bearers_Admin_Clear_QCI3,wrnApnBearerStats,StarOS APN Dedicated Bearers Statistics,APN,APN Dedicated Bearers Admin Clear QCI3
apn,APN Dedicated Bearers Admin Clear QCI4,(%sessstat-bearrel-ded-admin-clear-qci4%),kpi_APN_Dedicated_Bearers_Admin_Clear_QCI4,wrnApnBearerStats,StarOS APN Dedicated Bearers Statistics,APN,APN Dedicated Bearers Admin Clear QCI4
apn,APN Dedicated Bearers Admin Clear QCI5,(%sessstat-bearrel-ded-admin-clear-qci5%),kpi_APN_Dedicated_Bearers_Admin_Clear_QCI5,wrnApnBearerStats,StarOS APN Dedicated Bearers Statistics,APN,APN Dedicated Bearers Admin Clear QCI5
apn,APN Dedicated Bearers Admin Clear QCI6,(%sessstat-bearrel-ded-admin-clear-qci6%),kpi_APN_Dedicated_Bearers_Admin_Clear_QCI6,wrnApnBearerStats,StarOS APN Dedicated Bearers Statistics,APN,APN Dedicated Bearers Admin Clear QCI6
apn,APN Dedicated Bearers Admin Clear QCI7,(%sessstat-bearrel-ded-admin-clear-qci7%),kpi_APN_Dedicated_Bearers_Admin_Clear_QCI7,wrnApnBearerStats,StarOS APN Dedicated Bearers Statistics,APN,APN Dedicated Bearers Admin Clear QCI7
apn,APN Dedicated Bearers Admin Clear QCI8,(%sessstat-bearrel-ded-admin-clear-qci8%),kpi_APN_Dedicated_Bearers_Admin_Clear_QCI8,wrnApnBearerStats,StarOS APN Dedicated Bearers Statistics,APN,APN Dedicated Bearers Admin Clear QCI8
apn,APN Dedicated Bearers Admin Clear QCI9,(%sessstat-bearrel-ded-admin-clear-qci9%),kpi_APN_Dedicated_Bearers_Admin_Clear_QCI9,wrnApnBearerStats,StarOS APN Dedicated Bearers Statistics,APN,APN Dedicated Bearers Admin Clear QCI9
apn,APN Internet/PDN On Gi Interface IP Packets Sent - Falling,(%uplnk-pkts%),kpi_APN_Internet_PDN_On_Gi_Interface_IP_Packets_Sent_Falling,wrnApnSentStatistics,StarOS APN GGSN Interface Traffic Statistics,APN,APN Internet/PDN On Gi Interface IP Packets Sent - Falling
apn,APN MS On GTP Interface IP Packets Sent - Falling,(%dnlnk-pkts%),kpi_APN_MS_On_GTP_Interface_IP_Packets_Sent_Falling,wrnApnSentStatistics,StarOS APN GGSN Interface Traffic Statistics,APN,APN MS On GTP Interface IP Packets Sent - Falling
apn,NAT Allocated Pilot Packets Sent per APN,(%nat-alloc-pilot-packet-sent-per-apn%),kpi_NAT_Allocated_Pilot_Packets_Sent_per_APN,wrnNatApnSentStatistics,StarOS APN NAT Pilot Packets Sent Per APN,APN,NAT Allocated Pilot Packets Sent per APN
apn,NAT De-Allocated Pilot Packets Sent per APN,(%nat-de-alloc-pilot-packet-sent-per-apn%),kpi_NAT_De_Allocated_Pilot_Packets_Sent_per_APN,wrnNatApnSentStatistics,StarOS APN NAT Pilot Packets Sent Per APN,APN,NAT De-Allocated Pilot Packets Sent per APN
apn,Non NAT Allocated Pilot Packets Sent per APN,(%non-nat-alloc-pilot-packet-sent-per-apn%),kpi_Non_NAT_Allocated_Pilot_Packets_Sent_per_APN,wrnNatApnSentStatistics,StarOS APN NAT Pilot Packets Sent Per APN,APN,Non NAT Allocated Pilot Packets Sent per APN
apn,Non NAT De-Allocated Pilot Packets Sent per APN,(%non-nat-de-alloc-pilot-packet-sent-per-apn%),kpi_Non_NAT_De_Allocated_Pilot_Packets_Sent_per_APN,wrnNatApnSentStatistics,StarOS APN NAT Pilot Packets Sent Per APN,APN,Non NAT De-Allocated Pilot Packets Sent per APN
apn,Total PDP Contexts Facilitated By APN - Falling,(%sess-tot%),kpi_Total_PDP_Contexts_Facilitated_By_APN_Falling,wrnApnPDPContextStats,StarOS APN PDP Contexts Statistics,APN,Total PDP Contexts Facilitated By APN - Falling
bcmcs,RP Registration Replies - Errors Experienced During Transmission,(%send-error%),kpi_RP_Registration_Replies_Errors_Experienced_During_Transmission,wrnBcmcsDeregErr,StarOS BCMCS A11-BC Deregistration Errors,BCMCS,RP Registration Replies - Errors Experienced During Transmission
bcmcs,RP Registration Requests - Internal Hash Lookup Errors,(%hash-error%),kpi_RP_Registration_Requests_Internal_Hash_Lookup_Errors,wrnBcmcsDeregErr,StarOS BCMCS A11-BC Deregistration Errors,BCMCS,RP Registration Requests - Internal Hash Lookup Errors
bcmcs,RP De-registration Requests Received and Accepted,(%accept-dereg%),kpi_RP_De_registration_Requests_Received_and_Accepted,wrnBcmcsDeregReq,StarOS BCMCS A11-BC Deregistration Service Requests,BCMCS,RP De-registration Requests Received and Accepted
bcmcs,RP De-registration Requests Renewals Received and Rejected,(%denied-dereg%),kpi_RP_De_registration_Requests_Renewals_Received_and_Rejected,wrnBcmcsDeregReq,StarOS BCMCS A11-BC Deregistration Service Requests,BCMCS,RP De-registration Requests Renewals Received and Rejected
bcmcs,RP De-registration Requests Received and Discarded,(%discard-dereg%),kpi_RP_De_registration_Requests_Received_and_Discarded,wrnBcmcsDeregReq,StarOS BCMCS A11-BC Deregistration Service Requests,BCMCS,RP De-registration Requests Received and Discarded
bcmcs,RP De-registration Requests Renewals Received,(%recv-dereg%),kpi_RP_De_registration_Requests_Renewals_Received,wrnBcmcsDeregReq,StarOS BCMCS A11-BC Deregistration Service Requests,BCMCS,RP De-registration Requests Renewals Received
bcmcs,RP ACTIVE STOP De-registration Request Renewals Received and Accepted,(%active-stop-dereg%),kpi_RP_ACTIVE_STOP_De_registration_Request_Renewals_Received_and_Accepted,wrnBcmcsDeregReq,StarOS BCMCS A11-BC Deregistration Service Requests,BCMCS,RP ACTIVE STOP De-registration Request Renewals Received and Accepted
bcmcs,RP Initial Registration Requests Received and Accepted,(%accept-initial%),kpi_RP_Initial_Registration_Requests_Received_and_Accepted,wrnBcmcsRegReqInitial,StarOS BCMCS A11-BC Initial Registration Requests,BCMCS,RP Initial Registration Requests Received and Accepted
bcmcs,RP Initial Registration Requests Received,(%recv-initial%),kpi_RP_Initial_Registration_Requests_Received,wrnBcmcsRegReqInitial,StarOS BCMCS A11-BC Initial Registration Requests,BCMCS,RP Initial Registration Requests Received
bcmcs,RP Initial Registration Requests Received and Rejected,(%denied-initial%),kpi_RP_Initial_Registration_Requests_Received_and_Rejected,wrnBcmcsRegReqInitial,StarOS BCMCS A11-BC Initial Registration Requests,BCMCS,RP Initial Registration Requests Received and Rejected
bcmcs,RP Initial Registration Requests Discarded,(%discard-initial%),kpi_RP_Initial_Registration_Requests_Discarded,wrnBcmcsRegReqInitial,StarOS BCMCS A11-BC Initial Registration Requests,BCMCS,RP Initial Registration Requests Discarded
bcmcs,BCMCS A11-BC Initial Service Requests Received and Accepted by PDSN,(%srsp-accept-initial%),kpi_BCMCS_A11_BC_Initial_Service_Requests_Received_and_Accepted_by_PDSN,wrnBcmcsServiceReqInitial,StarOS BCMCS A11-BC Initial Service Requests by PSDN,BCMCS,BCMCS A11-BC Initial Service Requests Received and Accepted by PDSN
bcmcs,BCMCS A11-BC Initial Service Requests Received by PDSN,(%srsp-recv-initial%),kpi_BCMCS_A11_BC_Initial_Service_Requests_Received_by_PDSN,wrnBcmcsServiceReqInitial,StarOS BCMCS A11-BC Initial Service Requests by PSDN,BCMCS,BCMCS A11-BC Initial Service Requests Received by PDSN
bcmcs,BCMCS A11-BC Initial Service Requests Received and Rejected by PDSN,(%srsp-denied-initial%),kpi_BCMCS_A11_BC_Initial_Service_Requests_Received_and_Rejected_by_PDSN,wrnBcmcsServiceReqInitial,StarOS BCMCS A11-BC Initial Service Requests by PSDN,BCMCS,BCMCS A11-BC Initial Service Requests Received and Rejected by PDSN
bcmcs,BCMCS A11-BC Initial Service Requests Discarded by PDSN,(%srsp-discard-initial%),kpi_BCMCS_A11_BC_Initial_Service_Requests_Discarded_by_PDSN,wrnBcmcsServiceReqInitial,StarOS BCMCS A11-BC Initial Service Requests by PSDN,BCMCS,BCMCS A11-BC Initial Service Requests Discarded by PDSN
bcmcs,BCMCS A11-BC Registration Acknowledges Received and Discarded - Session Already Ended,(%disc-absent%),kpi_BCMCS_A11_BC_Registration_Acknowledges_Received_and_Discarded_Session_Already_Ended,wrnBcmcsRegAckRecDisc,StarOS BCMCS A11-BC Registration Acknowledges Stats,BCMCS,BCMCS A11-BC Registration Acknowledges Received and Discarded - Session Already Ended
bcmcs,BCMCS A11-BC Registration Acknowledges Received and Discarded - Insufficient Memory,(%disc-nomem%),kpi_BCMCS_A11_BC_Registration_Acknowledges_Received_and_Discarded_Insufficient_Memory,wrnBcmcsRegAckRecDisc,StarOS BCMCS A11-BC Registration Acknowledges Stats,BCMCS,BCMCS A11-BC Registration Acknowledges Received and Discarded - Insufficient Memory
bcmcs,BCMCS A11-BC Registration Acknowledges Received and Discarded - Poorly Formed,(%disc-malform%),kpi_BCMCS_A11_BC_Registration_Acknowledges_Received_and_Discarded_Poorly_Formed,wrnBcmcsRegAckRecDisc,StarOS BCMCS A11-BC Registration Acknowledges Stats,BCMCS,BCMCS A11-BC Registration Acknowledges Received and Discarded - Poorly Formed
bcmcs,BCMCS A11-BC Registration Acknowledges Received and Discarded - Mobile Node Failing Authentication,(%disc-authfail%),kpi_BCMCS_A11_BC_Registration_Acknowledges_Received_and_Discarded_Mobile_Node_Failing_Authentication,wrnBcmcsRegAckRecDisc,StarOS BCMCS A11-BC Registration Acknowledges Stats,BCMCS,BCMCS A11-BC Registration Acknowledges Received and Discarded - Mobile Node Failing Authentication
bcmcs,BCMCS A11-BC Registration Acknowledges Received and Discarded - Internal Communication Messages Bouncing,(%disc-bounce%),kpi_BCMCS_A11_BC_Registration_Acknowledges_Received_and_Discarded_Internal_Communication_Messages_Bouncing,wrnBcmcsRegAckRecDisc,StarOS BCMCS A11-BC Registration Acknowledges Stats,BCMCS,BCMCS A11-BC Registration Acknowledges Received and Discarded - Internal Communication Messages Bouncing
bcmcs,BCMCS A11-BC Registration Acknowledges Received and Discarded - Queue Exceeded its Capacity,(%disc-inputq%),kpi_BCMCS_A11_BC_Registration_Acknowledges_Received_and_Discarded_Queue_Exceeded_its_Capacity,wrnBcmcsRegAckRecDisc,StarOS BCMCS A11-BC Registration Acknowledges Stats,BCMCS,BCMCS A11-BC Registration Acknowledges Received and Discarded - Queue Exceeded its Capacity
bcmcs,RP Denied Registration Updates Sent - Reason Unspecified,(%upddeny-unspec%),kpi_RP_Denied_Registration_Updates_Sent_Reason_Unspecified,wrnBcmcsRegDen,StarOS BCMCS A11-BC Registration Denied Stats,BCMCS,RP Denied Registration Updates Sent - Reason Unspecified
bcmcs,RP Denied Registration Updates Sent - Administratively Prohibited,(%upddeny-adminprohib%),kpi_RP_Denied_Registration_Updates_Sent_Administratively_Prohibited,wrnBcmcsRegDen,StarOS BCMCS A11-BC Registration Denied Stats,BCMCS,RP Denied Registration Updates Sent - Administratively Prohibited
bcmcs,RP Denied Registration Updates Sent - Mobile Node Failed Authentication,(%upddeny-auth%),kpi_RP_Denied_Registration_Updates_Sent_Mobile_Node_Failed_Authentication,wrnBcmcsRegDen,StarOS BCMCS A11-BC Registration Denied Stats,BCMCS,RP Denied Registration Updates Sent - Mobile Node Failed Authentication
bcmcs,RP Denied Registration Updates Sent - Identification Mismatch,(%upddeny-idmismatch%),kpi_RP_Denied_Registration_Updates_Sent_Identification_Mismatch,wrnBcmcsRegDen,StarOS BCMCS A11-BC Registration Denied Stats,BCMCS,RP Denied Registration Updates Sent - Identification Mismatch
bcmcs,RP Denied Registration Updates Sent - Poorly Formed Request,(%upddeny-badrequest%),kpi_RP_Denied_Registration_Updates_Sent_Poorly_Formed_Request,wrnBcmcsRegDen,StarOS BCMCS A11-BC Registration Denied Stats,BCMCS,RP Denied Registration Updates Sent - Poorly Formed Request
bcmcs,RP Registration Requests Denied - Poorly Formed Request,(%deny-badrequest%),kpi_RP_Registration_Requests_Denied_Poorly_Formed_Request,wrnBcmcsRegReqBadReq,StarOS BCMCS A11-BC Registration Req Denied - Bad Req,BCMCS,RP Registration Requests Denied - Poorly Formed Request
bcmcs,RP RRQ Denied Poorly Formed Request - Session Already Dormant per Service,(%deny-badrequest-alrdorm%),kpi_RP_RRQ_Denied_Poorly_Formed_Request_Session_Already_Dormant_per_Service,wrnBcmcsRegReqBadReq,StarOS BCMCS A11-BC Registration Req Denied - Bad Req,BCMCS,RP RRQ Denied Poorly Formed Request - Session Already Dormant per Service
bcmcs,RP RRQ Denied Poorly Formed Request - Already Active per Service,(%deny-badrequest-alractive%),kpi_RP_RRQ_Denied_Poorly_Formed_Request_Already_Active_per_Service,wrnBcmcsRegReqBadReq,StarOS BCMCS A11-BC Registration Req Denied - Bad Req,BCMCS,RP RRQ Denied Poorly Formed Request - Already Active per Service
bcmcs,BCMCS A11-BC Registration Requests Denied Poorly Formed Request - Other,(%deny-badrequest-other%),kpi_BCMCS_A11_BC_Registration_Requests_Denied_Poorly_Formed_Request_Other,wrnBcmcsRegReqBadReq,StarOS BCMCS A11-BC Registration Req Denied - Bad Req,BCMCS,BCMCS A11-BC Registration Requests Denied Poorly Formed Request - Other
bcmcs,RP Denied Registration Replies due to Congestion - Discarded,(%deny-cong-drop%),kpi_RP_Denied_Registration_Replies_due_to_Congestion_Discarded,wrnBcmcsRegReqCong,StarOS BCMCS A11-BC Registration Req Denied Congestion,BCMCS,RP Denied Registration Replies due to Congestion - Discarded
bcmcs,RP Denied Registration Replies due to Congestion - Administratively Prohibited,(%deny-cong-adminprohib%),kpi_RP_Denied_Registration_Replies_due_to_Congestion_Administratively_Prohibited,wrnBcmcsRegReqCong,StarOS BCMCS A11-BC Registration Req Denied Congestion,BCMCS,RP Denied Registration Replies due to Congestion - Administratively Prohibited
bcmcs,BCMCS A11-BC Registration Requests Denied Congestion - Unknown BSN Address,(%deny-cong-unknownbsn%),kpi_BCMCS_A11_BC_Registration_Requests_Denied_Congestion_Unknown_BSN_Address,wrnBcmcsRegReqCong,StarOS BCMCS A11-BC Registration Req Denied Congestion,BCMCS,BCMCS A11-BC Registration Requests Denied Congestion - Unknown BSN Address
bcmcs,RP Registration Requests Denied - Insufficient Resources,(%deny-noresource%),kpi_RP_Registration_Requests_Denied_Insufficient_Resources,wrnBcmcsRegReqDeniedNoRes,StarOS BCMCS A11-BC Registration Req Denied Resource,BCMCS,RP Registration Requests Denied - Insufficient Resources
bcmcs,RP RRQ Denied Insufficient Resource - No Session Manager per Service,(%deny-noresource-nosessmgr%),kpi_RP_RRQ_Denied_Insufficient_Resource_No_Session_Manager_per_Service,wrnBcmcsRegReqDeniedNoRes,StarOS BCMCS A11-BC Registration Req Denied Resource,BCMCS,RP RRQ Denied Insufficient Resource - No Session Manager per Service
bcmcs,RP RRQ Denied Insufficient Resource - No Memory per Service,(%deny-noresource-nomem%),kpi_RP_RRQ_Denied_Insufficient_Resource_No_Memory_per_Service,wrnBcmcsRegReqDeniedNoRes,StarOS BCMCS A11-BC Registration Req Denied Resource,BCMCS,RP RRQ Denied Insufficient Resource - No Memory per Service
bcmcs,RP RRQ Denied Insufficient Resource - Session Managers Retried per Service,(%deny-noresource-sessmgrretried%),kpi_RP_RRQ_Denied_Insufficient_Resource_Session_Managers_Retried_per_Service,wrnBcmcsRegReqDeniedNoRes,StarOS BCMCS A11-BC Registration Req Denied Resource,BCMCS,RP RRQ Denied Insufficient Resource - Session Managers Retried per Service
bcmcs,RP RRQ Denied Insufficient Resource - Input Queue Exceeded per Service,(%deny-noresource-inputq%),kpi_RP_RRQ_Denied_Insufficient_Resource_Input_Queue_Exceeded_per_Service,wrnBcmcsRegReqDeniedNoRes,StarOS BCMCS A11-BC Registration Req Denied Resource,BCMCS,RP RRQ Denied Insufficient Resource - Input Queue Exceeded per Service
bcmcs,RP Registration Requests Renewals and De-registrations Received,(%recv-total%),kpi_RP_Registration_Requests_Renewals_and_De_registrations_Received,wrnBcmcsRegReq,StarOS BCMCS A11-BC Registration Requests,BCMCS,RP Registration Requests Renewals and De-registrations Received
bcmcs,RP Registration Requests - Accepted,(%accept-total%),kpi_RP_Registration_Requests_Accepted,wrnBcmcsRegReq,StarOS BCMCS A11-BC Registration Requests,BCMCS,RP Registration Requests - Accepted
bcmcs,RP Registration Requests - Rejected,(%denied-total%),kpi_RP_Registration_Requests_Rejected,wrnBcmcsRegReq,StarOS BCMCS A11-BC Registration Requests,BCMCS,RP Registration Requests - Rejected
bcmcs,RP Registration Requests - Discarded,(%discard-total%),kpi_RP_Registration_Requests_Discarded,wrnBcmcsRegReq,StarOS BCMCS A11-BC Registration Requests,BCMCS,RP Registration Requests - Discarded
bcmcs,RP Registration Requests - Sequence Numbers not Acceptable,(%seqerror%),kpi_RP_Registration_Requests_Sequence_Numbers_not_Acceptable,wrnBcmcsRegReqDenied,StarOS BCMCS A11-BC Registration Requests Denied,BCMCS,RP Registration Requests - Sequence Numbers not Acceptable
bcmcs,RP Registration Requests Denied - Reason Unspecified,(%deny-unspec%),kpi_RP_Registration_Requests_Denied_Reason_Unspecified,wrnBcmcsRegReqDenied,StarOS BCMCS A11-BC Registration Requests Denied,BCMCS,RP Registration Requests Denied - Reason Unspecified
bcmcs,RP Registration Requests Denied - Administratively Prohibited,(%deny-adminprohib%),kpi_RP_Registration_Requests_Denied_Administratively_Prohibited,wrnBcmcsRegReqDenied,StarOS BCMCS A11-BC Registration Requests Denied,BCMCS,RP Registration Requests Denied - Administratively Prohibited
bcmcs,RP Registration Requests Denied - Mobile Node Failed Authentication,(%deny-auth%),kpi_RP_Registration_Requests_Denied_Mobile_Node_Failed_Authentication,wrnBcmcsRegReqDenied,StarOS BCMCS A11-BC Registration Requests Denied,BCMCS,RP Registration Requests Denied - Mobile Node Failed Authentication
bcmcs,RP Registration Requests Denied - Identification Mismatch,(%deny-idmismatch%),kpi_RP_Registration_Requests_Denied_Identification_Mismatch,wrnBcmcsRegReqDenied,StarOS BCMCS A11-BC Registration Requests Denied,BCMCS,RP Registration Requests Denied - Identification Mismatch
bcmcs,BCMCS A11-BC Registration Requests Denied - Unknown BSN Address,(%deny-unknownbsn%),kpi_BCMCS_A11_BC_Registration_Requests_Denied_Unknown_BSN_Address,wrnBcmcsRegReqDenied,StarOS BCMCS A11-BC Registration Requests Denied,BCMCS,BCMCS A11-BC Registration Requests Denied - Unknown BSN Address
bcmcs,RP Registration Requests - Decode Errors,(%decode-error%),kpi_RP_Registration_Requests_Decode_Errors,wrnBcmcsRegReqErr,StarOS BCMCS A11-BC Registration Requests Errors,BCMCS,RP Registration Requests - Decode Errors
bcmcs,RP Registration Requests - Unhandled Errors,(%unhandled%),kpi_RP_Registration_Requests_Unhandled_Errors,wrnBcmcsRegReqErr,StarOS BCMCS A11-BC Registration Requests Errors,BCMCS,RP Registration Requests - Unhandled Errors
bcmcs,RP Registration Replies Sent,(%reply-total%),kpi_RP_Registration_Replies_Sent,wrnBcmcsRegRes,StarOS BCMCS A11-BC Registration Responses,BCMCS,RP Registration Replies Sent
bcmcs,RP Registration Acknowledgements Received,(%upd-ack-received%),kpi_RP_Registration_Acknowledgements_Received,wrnBcmcsRegUpdateAcks,StarOS BCMCS A11-BC Registration Update Acks,BCMCS,RP Registration Acknowledgements Received
bcmcs,RP Registration Acknowledgements Discarded,(%upd-discard%),kpi_RP_Registration_Acknowledgements_Discarded,wrnBcmcsRegUpdateAcks,StarOS BCMCS A11-BC Registration Update Acks,BCMCS,RP Registration Acknowledgements Discarded
bcmcs,BCMCS A11-BC Registration Updates Accepted by PCF,(%upd-accept%),kpi_BCMCS_A11_BC_Registration_Updates_Accepted_by_PCF,wrnBcmcsRegUpdatesPcf,StarOS BCMCS A11-BC Registration Updates - PCF Stats,BCMCS,BCMCS A11-BC Registration Updates Accepted by PCF
bcmcs,RP Registration Updates - Denied,(%upd-denied%),kpi_RP_Registration_Updates_Denied,wrnBcmcsRegUpdatesPcf,StarOS BCMCS A11-BC Registration Updates - PCF Stats,BCMCS,RP Registration Updates - Denied
bcmcs,RP Registration Updates - Not Acknowledged,(%upd-unack%),kpi_RP_Registration_Updates_Not_Acknowledged,wrnBcmcsRegUpdatesPcf,StarOS BCMCS A11-BC Registration Updates - PCF Stats,BCMCS,RP Registration Updates - Not Acknowledged
bcmcs,RP Registration Updates - Initially Transmitted,(%upd-trans%),kpi_RP_Registration_Updates_Initially_Transmitted,wrnBcmcsRegUpdatesPcf,StarOS BCMCS A11-BC Registration Updates - PCF Stats,BCMCS,RP Registration Updates - Initially Transmitted
bcmcs,RP Registration Updates - Transmitted,(%upd-total%),kpi_RP_Registration_Updates_Transmitted,wrnBcmcsRegUpdates,StarOS BCMCS A11-BC Registration Updates Stats,BCMCS,RP Registration Updates - Transmitted
bcmcs,BCMCS A11-BC Registration Updates Errors Exprienced,(%upd-senderror%),kpi_BCMCS_A11_BC_Registration_Updates_Errors_Exprienced,wrnBcmcsRegUpdates,StarOS BCMCS A11-BC Registration Updates Stats,BCMCS,BCMCS A11-BC Registration Updates Errors Exprienced
bcmcs,RP Registration Updates Send Reason - Lifetime Expiry per Service,(%upd-lifetime%),kpi_RP_Registration_Updates_Send_Reason_Lifetime_Expiry_per_Service,wrnBcmcsRegUpdates,StarOS BCMCS A11-BC Registration Updates Stats,BCMCS,RP Registration Updates Send Reason - Lifetime Expiry per Service
bcmcs,BCMCS A11-BC Registration Updates Initiated by Upper Processing Layers,(%upd-uplyrinit%),kpi_BCMCS_A11_BC_Registration_Updates_Initiated_by_Upper_Processing_Layers,wrnBcmcsRegUpdates,StarOS BCMCS A11-BC Registration Updates Stats,BCMCS,BCMCS A11-BC Registration Updates Initiated by Upper Processing Layers
bcmcs,RP Registration Updates Sent - Other Reasons,(%upd-other%),kpi_RP_Registration_Updates_Sent_Other_Reasons,wrnBcmcsRegUpdates,StarOS BCMCS A11-BC Registration Updates Stats,BCMCS,RP Registration Updates Sent - Other Reasons
bcmcs,RP Registration Updates Send Reason - Session Manager Exited per Service,(%upd-smgrexit%),kpi_RP_Registration_Updates_Send_Reason_Session_Manager_Exited_per_Service,wrnBcmcsRegUpdates,StarOS BCMCS A11-BC Registration Updates Stats,BCMCS,RP Registration Updates Send Reason - Session Manager Exited per Service
bcmcs,HA Registration Requests Accepted Renewal,(%accept-renew%),kpi_HA_Registration_Requests_Accepted_Renewal,wrnBcmcsRegReqRenewal,StarOS BCMCS A11-BC Renewal Registration Requests,BCMCS,HA Registration Requests Accepted Renewal
bcmcs,HA Registration Requests Denied Renewal,(%denied-renew%),kpi_HA_Registration_Requests_Denied_Renewal,wrnBcmcsRegReqRenewal,StarOS BCMCS A11-BC Renewal Registration Requests,BCMCS,HA Registration Requests Denied Renewal
bcmcs,BCMCS A11-BC Renewal Registration Requests Received and Discarded by PSDN,(%discard-renew%),kpi_BCMCS_A11_BC_Renewal_Registration_Requests_Received_and_Discarded_by_PSDN,wrnBcmcsRegReqRenewal,StarOS BCMCS A11-BC Renewal Registration Requests,BCMCS,BCMCS A11-BC Renewal Registration Requests Received and Discarded by PSDN
bcmcs,HA Registration Requests Received Renewal,(%recv-renew%),kpi_HA_Registration_Requests_Received_Renewal,wrnBcmcsRegReqRenewal,StarOS BCMCS A11-BC Renewal Registration Requests,BCMCS,HA Registration Requests Received Renewal
bcmcs,RP ACTIVE START Registration Request Renewals Received,(%active-start-renew%),kpi_RP_ACTIVE_START_Registration_Request_Renewals_Received,wrnBcmcsRegReqRenewal,StarOS BCMCS A11-BC Renewal Registration Requests,BCMCS,RP ACTIVE START Registration Request Renewals Received
bcmcs,RP ACTIVE STOP Registration Request Renewals Received,(%active-stop-renew%),kpi_RP_ACTIVE_STOP_Registration_Request_Renewals_Received,wrnBcmcsRegReqRenewal,StarOS BCMCS A11-BC Renewal Registration Requests,BCMCS,RP ACTIVE STOP Registration Request Renewals Received
bcmcs,BCMCS A11-BC Renewal Service Requests Received and Accepted by PDSN,(%srsp-accept-renew%),kpi_BCMCS_A11_BC_Renewal_Service_Requests_Received_and_Accepted_by_PDSN,wrnBcmcsServiceReqRenewal,StarOS BCMCS A11-BC Renewal Service Requests by PSDN,BCMCS,BCMCS A11-BC Renewal Service Requests Received and Accepted by PDSN
bcmcs,BCMCS A11-BC Renewal Service Requests Received by PDSN,(%srsp-recv-renew%),kpi_BCMCS_A11_BC_Renewal_Service_Requests_Received_by_PDSN,wrnBcmcsServiceReqRenewal,StarOS BCMCS A11-BC Renewal Service Requests by PSDN,BCMCS,BCMCS A11-BC Renewal Service Requests Received by PDSN
bcmcs,BCMCS A11-BC Renewal Service Requests Received and Denied by PSDN,(%srsp-denied-renew%),kpi_BCMCS_A11_BC_Renewal_Service_Requests_Received_and_Denied_by_PSDN,wrnBcmcsServiceReqRenewal,StarOS BCMCS A11-BC Renewal Service Requests by PSDN,BCMCS,BCMCS A11-BC Renewal Service Requests Received and Denied by PSDN
bcmcs,BCMCS A11-BC Renewal Service Requests Received and Discarded by PSDN,(%srsp-discard-renew%),kpi_BCMCS_A11_BC_Renewal_Service_Requests_Received_and_Discarded_by_PSDN,wrnBcmcsServiceReqRenewal,StarOS BCMCS A11-BC Renewal Service Requests by PSDN,BCMCS,BCMCS A11-BC Renewal Service Requests Received and Discarded by PSDN
bcmcs,BCMCS A11-BC Service Responses Errors Experienced,(%srsp-send-error%),kpi_BCMCS_A11_BC_Service_Responses_Errors_Experienced,wrnBcmcsServiceResErrors,StarOS BCMCS A11-BC Service Error Stats,BCMCS,BCMCS A11-BC Service Responses Errors Experienced
bcmcs,BCMCS A11-BC Service Requests Decode Errors,(%srsp-decode-error%),kpi_BCMCS_A11_BC_Service_Requests_Decode_Errors,wrnBcmcsServiceResErrors,StarOS BCMCS A11-BC Service Error Stats,BCMCS,BCMCS A11-BC Service Requests Decode Errors
bcmcs,BCMCS A11-BC Service Requests Unhandled Errors,(%srsp-unhandled%),kpi_BCMCS_A11_BC_Service_Requests_Unhandled_Errors,wrnBcmcsServiceResErrors,StarOS BCMCS A11-BC Service Error Stats,BCMCS,BCMCS A11-BC Service Requests Unhandled Errors
bcmcs,BCMCS A11-BC Service Request Denied Poorly Formed Request - Session Already Dormant,(%srsp-deny-badrequest-alrdorm%),kpi_BCMCS_A11_BC_Service_Request_Denied_Poorly_Formed_Request_Session_Already_Dormant,wrnBcmcsServiceReqDenBad,StarOS BCMCS A11-BC Service Req Denied Bad Request,BCMCS,BCMCS A11-BC Service Request Denied Poorly Formed Request - Session Already Dormant
bcmcs,BCMCS A11-BC Service Request Denied Poorly Formed Request - Already Active,(%srsp-deny-badrequest-alractive%),kpi_BCMCS_A11_BC_Service_Request_Denied_Poorly_Formed_Request_Already_Active,wrnBcmcsServiceReqDenBad,StarOS BCMCS A11-BC Service Req Denied Bad Request,BCMCS,BCMCS A11-BC Service Request Denied Poorly Formed Request - Already Active
bcmcs,BCMCS A11-BC Service Request Denied Poorly Formed Request - Other,(%srsp-deny-badrequest-other%),kpi_BCMCS_A11_BC_Service_Request_Denied_Poorly_Formed_Request_Other,wrnBcmcsServiceReqDenBad,StarOS BCMCS A11-BC Service Req Denied Bad Request,BCMCS,BCMCS A11-BC Service Request Denied Poorly Formed Request - Other
bcmcs,BCMCS A11-BC Service Request Denied Insufficient Resource - No Session Manager,(%srsp-deny-noresource-nosessmgr%),kpi_BCMCS_A11_BC_Service_Request_Denied_Insufficient_Resource_No_Session_Manager,wrnBcmcsServiceReqDenInsuf,StarOS BCMCS A11-BC Service Req Denied Insufficient,BCMCS,BCMCS A11-BC Service Request Denied Insufficient Resource - No Session Manager
bcmcs,BCMCS A11-BC Service Request Denied Insufficient Resource - No Memory,(%srsp-deny-noresource-nomem%),kpi_BCMCS_A11_BC_Service_Request_Denied_Insufficient_Resource_No_Memory,wrnBcmcsServiceReqDenInsuf,StarOS BCMCS A11-BC Service Req Denied Insufficient,BCMCS,BCMCS A11-BC Service Request Denied Insufficient Resource - No Memory
bcmcs,BCMCS A11-BC Service Request Denied Insufficient Resource - Session Managers Retried,(%srsp-deny-noresource-sessmgrretried%),kpi_BCMCS_A11_BC_Service_Request_Denied_Insufficient_Resource_Session_Managers_Retried,wrnBcmcsServiceReqDenInsuf,StarOS BCMCS A11-BC Service Req Denied Insufficient,BCMCS,BCMCS A11-BC Service Request Denied Insufficient Resource - Session Managers Retried
bcmcs,BCMCS A11-BC Service Request Denied Insufficient Resource - Input Queue Exceeded,(%srsp-deny-noresource-inputq%),kpi_BCMCS_A11_BC_Service_Request_Denied_Insufficient_Resource_Input_Queue_Exceeded,wrnBcmcsServiceReqDenInsuf,StarOS BCMCS A11-BC Service Req Denied Insufficient,BCMCS,BCMCS A11-BC Service Request Denied Insufficient Resource - Input Queue Exceeded
bcmcs,BCMCS A11-BC Service Requests Received by PSDN,(%srsp-recv-total%),kpi_BCMCS_A11_BC_Service_Requests_Received_by_PSDN,wrnBcmcsServiceReq,StarOS BCMCS A11-BC Service Requests by PSDN Stats,BCMCS,BCMCS A11-BC Service Requests Received by PSDN
bcmcs,BCMCS A11-BC Service Requests Accepted by PSDN,(%srsp-accept-total%),kpi_BCMCS_A11_BC_Service_Requests_Accepted_by_PSDN,wrnBcmcsServiceReq,StarOS BCMCS A11-BC Service Requests by PSDN Stats,BCMCS,BCMCS A11-BC Service Requests Accepted by PSDN
bcmcs,BCMCS A11-BC Service Requests Denied by PSDN,(%srsp-denied-total%),kpi_BCMCS_A11_BC_Service_Requests_Denied_by_PSDN,wrnBcmcsServiceReq,StarOS BCMCS A11-BC Service Requests by PSDN Stats,BCMCS,BCMCS A11-BC Service Requests Denied by PSDN
bcmcs,BCMCS A11-BC Service Requests Discarded by PSDN,(%srsp-discard-total%),kpi_BCMCS_A11_BC_Service_Requests_Discarded_by_PSDN,wrnBcmcsServiceReq,StarOS BCMCS A11-BC Service Requests by PSDN Stats,BCMCS,BCMCS A11-BC Service Requests Discarded by PSDN
bcmcs,BCMCS A11-BC Service Requests Denied - Unspecified,(%srsp-deny-unspec%),kpi_BCMCS_A11_BC_Service_Requests_Denied_Unspecified,wrnBcmcsServiceReqDen,StarOS BCMCS A11-BC Service Requests Denied Stats,BCMCS,BCMCS A11-BC Service Requests Denied - Unspecified
bcmcs,BCMCS A11-BC Service Requests Denied - Mobile Node Failing Authentication,(%srsp-deny-auth%),kpi_BCMCS_A11_BC_Service_Requests_Denied_Mobile_Node_Failing_Authentication,wrnBcmcsServiceReqDen,StarOS BCMCS A11-BC Service Requests Denied Stats,BCMCS,BCMCS A11-BC Service Requests Denied - Mobile Node Failing Authentication
bcmcs,BCMCS A11-BC Service Requests Denied - Identification Mismatch,(%srsp-deny-idmismatch%),kpi_BCMCS_A11_BC_Service_Requests_Denied_Identification_Mismatch,wrnBcmcsServiceReqDen,StarOS BCMCS A11-BC Service Requests Denied Stats,BCMCS,BCMCS A11-BC Service Requests Denied - Identification Mismatch
bcmcs,BCMCS A11-BC Service Requests Denied - Unknown BSN Address,(%srsp-deny-unknownbsn%),kpi_BCMCS_A11_BC_Service_Requests_Denied_Unknown_BSN_Address,wrnBcmcsServiceReqDen,StarOS BCMCS A11-BC Service Requests Denied Stats,BCMCS,BCMCS A11-BC Service Requests Denied - Unknown BSN Address
bcmcs,BCMCS A11-BC Service Requests Denied - Administratively Prohibited due to Congestion,(%srsp-deny-cong-adminprohib%),kpi_BCMCS_A11_BC_Service_Requests_Denied_Administratively_Prohibited_due_to_Congestion,wrnBcmcsServiceReqDen,StarOS BCMCS A11-BC Service Requests Denied Stats,BCMCS,BCMCS A11-BC Service Requests Denied - Administratively Prohibited due to Congestion
bcmcs,BCMCS A11-BC Service Requests Denied - Congestion,(%srsp-deny-cong-unknownbsn%),kpi_BCMCS_A11_BC_Service_Requests_Denied_Congestion,wrnBcmcsServiceReqDen,StarOS BCMCS A11-BC Service Requests Denied Stats,BCMCS,BCMCS A11-BC Service Requests Denied - Congestion
bcmcs,BCMCS A11-BC Service Responses Sent by PSDN,(%srsp-reply-total%),kpi_BCMCS_A11_BC_Service_Responses_Sent_by_PSDN,wrnBcmcsServiceRes,StarOS BCMCS A11-BC Service Responses by PSDN Stats,BCMCS,BCMCS A11-BC Service Responses Sent by PSDN
bcmcs,RP Current Total Sessions,(%num-sessions%),kpi_RP_Current_Total_Sessions,wrnBcmcsCurrentSess,StarOS BCMCS Current Sessions,BCMCS,RP Current Total Sessions
bcmcs,RP Security Violations Occurred,(%sec-violations%),kpi_RP_Security_Violations_Occurred,wrnBcmcsSecurity,StarOS BCMCS Security Violations,BCMCS,RP Security Violations Occurred
bcmcs,RP Security Violations Occurred - Miscomputed Authentication Field,(%sec-badauth%),kpi_RP_Security_Violations_Occurred_Miscomputed_Authentication_Field,wrnBcmcsSecurity,StarOS BCMCS Security Violations,BCMCS,RP Security Violations Occurred - Miscomputed Authentication Field
bcmcs,RP Security Violations Occurred - SPI not Configured,(%sec-badid%),kpi_RP_Security_Violations_Occurred_SPI_not_Configured,wrnBcmcsSecurity,StarOS BCMCS Security Violations,BCMCS,RP Security Violations Occurred - SPI not Configured
bcmcs,RP Security Violations Occurred - SPI in Reserved Range,(%sec-badspi%),kpi_RP_Security_Violations_Occurred_SPI_in_Reserved_Range,wrnBcmcsSecurity,StarOS BCMCS Security Violations,BCMCS,RP Security Violations Occurred - SPI in Reserved Range
bcmcs,RP Security Violations Occurred - Missing Mobile Node Home Agent,(%sec-mnhaauth%),kpi_RP_Security_Violations_Occurred_Missing_Mobile_Node_Home_Agent,wrnBcmcsSecurity,StarOS BCMCS Security Violations,BCMCS,RP Security Violations Occurred - Missing Mobile Node Home Agent
bcmcs,RP Security Violations Occurred - Missing Registration Update Authentication,(%sec-regupdate%),kpi_RP_Security_Violations_Occurred_Missing_Registration_Update_Authentication,wrnBcmcsSecurity,StarOS BCMCS Security Violations,BCMCS,RP Security Violations Occurred - Missing Registration Update Authentication
apn,Accounting Success Rate - Ga Interface,((((0.0) if (%acc-rsp-rcvd%==0.0) else (1.0))) if (%acc-req-sent%==0.0) else (%acc-rsp-rcvd%/%acc-req-sent%)),kpi_Accounting_Success_Rate_Ga_Interface,wrnAccSuccRateGaInterface,StarOS KPI Accounting Success Rate - Ga Interface,APN,Accounting Success Rate - Ga Interface
apn,APN Active 3G Sessions,(%active-utran-sessions%),kpi_APN_Active_3G_Sessions,wrnActive3GSessions,StarOS KPI APN Active 3G Sessions,APN,APN Active 3G Sessions
apn,APN Active 4G Sessions,(%active-eutran-sessions%),kpi_APN_Active_4G_Sessions,wrnActive4GSessions,StarOS KPI APN Active 4G Sessions,APN,APN Active 4G Sessions
apn,APN Active WLAN Sessions,(%active-wlan-sessions%),kpi_APN_Active_WLAN_Sessions,wrnActiveWLANSessions,StarOS KPI APN Active WLAN Sessions,APN,APN Active WLAN Sessions
apn,APN Bearer Modification Success Rate,(((%mod-uebear%+%mod-nwbear%) / (%mod-uebear% + %mod-nwbear% + %ue-init-modfail% + %nw-init-modfail%))),kpi_APN_Bearer_Modification_Success_Rate,wrnKPIAPNSubSuccRate,StarOS KPI APN Bearer Modification Success Rate,APN,APN Bearer Modification Success Rate
apn,APN Dedicated Bearer Success Rate,((((0.0) if ((%setup-dedbear%)==0.0) else (1.0))) if (((%setup-dedbear%) +  %rej-dedbear%)==0.0) else ((%setup-dedbear%)/((%setup-dedbear%) +  %rej-dedbear%))),kpi_APN_Dedicated_Bearer_Success_Rate,wrnKPIAPNDedSubSuccRate,StarOS KPI APN Dedicated Bearer Subscriber Success Rate,APN,APN Dedicated Bearer Success Rate
apn,APN Default Bearer Success Rate,((((0.0) if ((%setup-defbear%)==0.0) else (1.0))) if (((%setup-defbear%)  +  %rej-defbear%)==0.0) else ((%setup-defbear%)/((%setup-defbear%)  +  %rej-defbear%))),kpi_APN_Default_Bearer_Success_Rate,wrnKPIAPNDefSubSuccRate,StarOS KPI APN Default Bearer Subscriber Success Rate,APN,APN Default Bearer Success Rate
apn,APN Packet Drop Ratio,((((0.0) if (((%uplnk-drop%+%dnlnk-drop%)==0)) else (1.0))) if (((%uplnk-pkts%+%dnlnk-pkts%+%uplnk-drop%+%dnlnk-drop%)==0)) else ((%uplnk-drop%+%dnlnk-drop%)/(%uplnk-pkts%+%dnlnk-pkts%+%uplnk-drop%+%dnlnk-drop%))),kpi_APN_Packet_Drop_Ratio,wrnKpiApnDropRatioStatistics,StarOS KPI APN Packet Drop Ratio,APN,APN Packet Drop Ratio
apn,GGSN APN Packet Drop Ratio,((((0.0) if (((%uplnk-drop%+%dnlnk-drop%)==0)) else (1.0))) if (((%uplnk-pkts%+%dnlnk-pkts%+%uplnk-drop%+%dnlnk-drop%)==0)) else ((%uplnk-drop%+%dnlnk-drop%)/(%uplnk-pkts%+%dnlnk-pkts%+%uplnk-drop%+%dnlnk-drop%))),kpi_GGSN_APN_Packet_Drop_Ratio,wrnKpiApnDropRatioStatistics,StarOS KPI APN Packet Drop Ratio,APN,GGSN APN Packet Drop Ratio
apn,APN Percentage of Active 3G Sessions,((((0.0) if ((%active-utran-sessions% == 0)) else (1.0))) if (((%active-eutran-sessions%+%active-utran-sessions%+%active-wlan-sessions%) == 0)) else (%active-utran-sessions% / (%active-eutran-sessions%+%active-utran-sessions%+%active-wlan-sessions%))),kpi_APN_Percentage_of_Active_3G_Sessions,wrnPercentageOfActive3GSessions,StarOS KPI APN Percentage of Active 3G Sessions,APN,APN Percentage of Active 3G Sessions
apn,APN Percentage of Active 4G Sessions,((((0.0) if ((%active-eutran-sessions% == 0)) else (1.0))) if (((%active-eutran-sessions%+%active-utran-sessions%+%active-wlan-sessions%) == 0)) else (%active-eutran-sessions% / (%active-eutran-sessions%+%active-utran-sessions%+%active-wlan-sessions%))),kpi_APN_Percentage_of_Active_4G_Sessions,wrnPercentageOfActive4GSessions,StarOS KPI APN Percentage of Active 4G Sessions,APN,APN Percentage of Active 4G Sessions
apn,APN Percentage of Active WLAN Sessions,((((0.0) if ((%active-wlan-sessions% == 0)) else (1.0))) if (((%active-eutran-sessions%+%active-utran-sessions%+%active-wlan-sessions%) == 0)) else (%active-wlan-sessions% / (%active-eutran-sessions%+%active-utran-sessions%+%active-wlan-sessions%))),kpi_APN_Percentage_of_Active_WLAN_Sessions,wrnPercentageOfActiveWLANSessions,StarOS KPI APN Percentage of Active WLAN Sessions,APN,APN Percentage of Active WLAN Sessions
apn,APN Subscriber Success Rate,((((0.0) if (((%setup-defbear%) + (%setup-dedbear%))==0.0) else (1.0))) if (((%setup-defbear%) + (%setup-dedbear%) +  %rej-defbear% + %rej-dedbear%)==0.0) else (((%setup-defbear%) + (%setup-dedbear%))/((%setup-defbear%) + (%setup-dedbear%) +  %rej-defbear% + %rej-dedbear%))),kpi_APN_Subscriber_Success_Rate,wrnKPIAPNSessionActivationRate,StarOS KPI APN Subscriber Success Rate,APN,APN Subscriber Success Rate
apn,APN Total Number of Active IPv4 Sessions,(%pdn-ipv4-actsess%),kpi_APN_Total_Number_of_Active_IPv4_Sessions,wrnKpiAPNTotalNumberofActiveIPv4Sessions,StarOS KPI APN Total Number of Active IPv4 Sessions,APN,APN Total Number of Active IPv4 Sessions
apn,APN Total Number of Active IPv4-In-IPv6 Sessions,(%pdn-ipv4v6-actsess%),kpi_APN_Total_Number_of_Active_IPv4_In_IPv6_Sessions,wrnKpiAPNTotalNumberofActiveIPv4inIPv6Sessions,StarOS KPI APN Total Number of Active IPv4-in-IPv6 Sessions,APN,APN Total Number of Active IPv4-In-IPv6 Sessions
apn,APN Total Number of Active IPv6 Sessions,(%pdn-ipv6-actsess%),kpi_APN_Total_Number_of_Active_IPv6_Sessions,wrnKpiAPNTotalNumberofActiveIPv6Sessions,StarOS KPI APN Total Number of Active IPv6 Sessions,APN,APN Total Number of Active IPv6 Sessions
apn,APN Total Number of Dedicated Bearers Setup,(%setup-dedbear%),kpi_APN_Total_Number_of_Dedicated_Bearers_Setup,wrnKPIAPNTotalnumberofdedicatedbearerssetup,StarOS KPI APN Total Number of Dedicated Bearers Setup,APN,APN Total Number of Dedicated Bearers Setup
apn,APN Total Number of Default Bearers Setup,(%setup-defbear%),kpi_APN_Total_Number_of_Default_Bearers_Setup,wrnKPIAPNTotalnumberofdefaultbearerssetup,StarOS KPI APN Total Number of Default Bearers Setup,APN,APN Total Number of Default Bearers Setup
apn,APN Total Number of IPv4 Sessions Setup,(%pdn-ipv4-setupsess%),kpi_APN_Total_Number_of_IPv4_Sessions_Setup,wrnKpiAPNTotalNumberofIPv4SessionsSetup,StarOS KPI APN Total Number of IPv4 Sessions Setup,APN,APN Total Number of IPv4 Sessions Setup
apn,APN Total Number of IPv4-In-IPv6 Sessions,(%pdn-ipv4v6-setupsess%),kpi_APN_Total_Number_of_IPv4_In_IPv6_Sessions,wrnKpiAPNTotalNumberofIPv4inIPv6Sessions,StarOS KPI APN Total Number of IPv4-in-IPv6 Sessions Setup,APN,APN Total Number of IPv4-In-IPv6 Sessions
apn,APN Total Number of IPv6 Sessions Setup,(%pdn-ipv6-setupsess%),kpi_APN_Total_Number_of_IPv6_Sessions_Setup,wrnKpiAPNTotalNumberofIPv6SessionsSetup,StarOS KPI APN Total Number of IPv6 Sessions Setup,APN,APN Total Number of IPv6 Sessions Setup
apn,APN Total Number of Modified Bearers- Network Initiated,(%mod-nwbear%),kpi_APN_Total_Number_of_Modified_Bearers_Network_Initiated,wrnAPNTotalNumberofModifiedBearersNetworkInitiated,StarOS KPI APN Total Number of Modified Bearers - Network Initiated,APN,APN Total Number of Modified Bearers- Network Initiated
apn,APN Total Number of Modified Bearers- UE Initiated,(%mod-uebear%),kpi_APN_Total_Number_of_Modified_Bearers_UE_Initiated,wrnAPNTotalNumberofModifiedBearersUEInitiated,StarOS KPI APN Total Number of Modified Bearers - UE Initiated,APN,APN Total Number of Modified Bearers- UE Initiated
pgw,Bearer Modification Success Rate,((1) if (( %sessstat-bearmod-ueinit% + %sessstat-bearmod-nwinit% + %sessstat-bearmodfail-ueinit% + %sessstat-bearmodfail-nwinit%)==0) else ((%sessstat-bearmod-ueinit% + %sessstat-bearmod-nwinit%) / ( %sessstat-bearmod-ueinit% + %sessstat-bearmod-nwinit% + %sessstat-bearmodfail-ueinit% + %sessstat-bearmodfail-nwinit%))),kpi_Bearer_Modification_Success_Rate,wrnBearerModificationSuccessRatekpi,StarOS KPI Bearer Modification Success Rate,PGW,Bearer Modification Success Rate
pgw,SessStatBearModUeinit,(%sessstat-bearmod-ueinit%),kpi_SessStatBearModUeinit,wrnBearerModificationSuccessRatekpi,StarOS KPI Bearer Modification Success Rate,PGW,SessStatBearModUeinit
pgw,SessStatBearModNwinit,(%sessstat-bearmod-nwinit%),kpi_SessStatBearModNwinit,wrnBearerModificationSuccessRatekpi,StarOS KPI Bearer Modification Success Rate,PGW,SessStatBearModNwinit
pgw,SessStatBearModFailUeinit,(%sessstat-bearmodfail-ueinit%),kpi_SessStatBearModFailUeinit,wrnBearerModificationSuccessRatekpi,StarOS KPI Bearer Modification Success Rate,PGW,SessStatBearModFailUeinit
pgw,SessStatBearModFailNwinit,(%sessstat-bearmodfail-nwinit%),kpi_SessStatBearModFailNwinit,wrnBearerModificationSuccessRatekpi,StarOS KPI Bearer Modification Success Rate,PGW,SessStatBearModFailNwinit
card,Average CPU Utilization - Imsi Mgr,(%task-imsimgr-avgcpu%),kpi_Average_CPU_Utilization_Imsi_Mgr,wrnAvgCardCPUUtilImsimgrKpiASR5500,StarOS KPI Card Average CPU Utilization - Imsi Mgr ASR5500,CARD,Average CPU Utilization - Imsi Mgr
card,Average CPU Utilization - Link Mgr,(%task-linkmgr-avgcpu%),kpi_Average_CPU_Utilization_Link_Mgr,wrnAvgCardCPUUtilLinkMgrKpiASR5500,StarOS KPI Card Average CPU Utilization - Link Mgr ASR5500,CARD,Average CPU Utilization - Link Mgr
card,CPU Load Busy Percentage,(((%cpu0-cpubusy%+%cpu1-cpubusy%)/2)),kpi_CPU_Load_Busy_Percentage,wrnKPICPULoadBusy55,StarOS KPI CPU Load Busy Percentage ASR5500,CARD,CPU Load Busy Percentage
card,CPU0 CPU Busy,(%cpu0-cpubusy%),kpi_CPU0_CPU_Busy,wrnKPICPULoadBusy55,StarOS KPI CPU Load Busy Percentage ASR5500,CARD,CPU0 CPU Busy
card,CPU1 CPU Busy,(%cpu1-cpubusy%),kpi_CPU1_CPU_Busy,wrnKPICPULoadBusy55,StarOS KPI CPU Load Busy Percentage ASR5500,CARD,CPU1 CPU Busy
card,CPU2 CPU Busy,(%cpu2-cpubusy%),kpi_CPU2_CPU_Busy,wrnKPICPULoadBusy55v21,StarOS KPI CPU Load Busy Percentage ASR5500_v21,CARD,CPU2 CPU Busy
card,CPU Load Busy Percentage Last 5 Minutes Average,(((%cpu0-5avg-cpubusy%+%cpu1-5avg-cpubusy%)/2)),kpi_CPU_Load_Busy_Percentage_Last_5_Minutes_Average,wrnKPICPULoadBusyLast5MinutesAverage55,StarOS KPI CPU Load Busy Percentage Last 5 Mins Average ASR5500,CARD,CPU Load Busy Percentage Last 5 Minutes Average
card,CPU0 CPU Busy Average,(%cpu0-5avg-cpubusy%),kpi_CPU0_CPU_Busy_Average,wrnKPICPULoadBusyLast5MinutesAverage55,StarOS KPI CPU Load Busy Percentage Last 5 Mins Average ASR5500,CARD,CPU0 CPU Busy Average
card,CPU1 CPU Busy Average,(%cpu1-5avg-cpubusy%),kpi_CPU1_CPU_Busy_Average,wrnKPICPULoadBusyLast5MinutesAverage55,StarOS KPI CPU Load Busy Percentage Last 5 Mins Average ASR5500,CARD,CPU1 CPU Busy Average
card,CPU2 CPU Busy Average,(%cpu2-5avg-cpubusy%),kpi_CPU2_CPU_Busy_Average,wrnKPICPULoadBusyLast5MinutesAverage55v21,StarOS KPI CPU Load Busy Percentage Last 5 Mins Average ASR5500_v21,CARD,CPU2 CPU Busy Average
card,CPU Load Busy Percentage Last 5 Minutes Peak,(((%cpu0-5peak-cpubusy%+%cpu1-5peak-cpubusy%)/2)),kpi_CPU_Load_Busy_Percentage_Last_5_Minutes_Peak,wrnKPICPULoadBusyLast5MinutesPeak55,StarOS KPI CPU Load Busy Percentage Last 5 Mins Peak ASR5500,CARD,CPU Load Busy Percentage Last 5 Minutes Peak
card,CPU0 CPU Busy Peak,(%cpu0-5peak-cpubusy%),kpi_CPU0_CPU_Busy_Peak,wrnKPICPULoadBusyLast5MinutesPeak55,StarOS KPI CPU Load Busy Percentage Last 5 Mins Peak ASR5500,CARD,CPU0 CPU Busy Peak
card,CPU1 CPU Busy Peak,(%cpu1-5peak-cpubusy%),kpi_CPU1_CPU_Busy_Peak,wrnKPICPULoadBusyLast5MinutesPeak55,StarOS KPI CPU Load Busy Percentage Last 5 Mins Peak ASR5500,CARD,CPU1 CPU Busy Peak
card,CPU2 CPU Busy Peak,(%cpu2-5peak-cpubusy%),kpi_CPU2_CPU_Busy_Peak,wrnKPICPULoadBusyLast5MinutesPeak55v21,StarOS KPI CPU Load Busy Percentage Last 5 Mins Peak ASR5500_v21,CARD,CPU2 CPU Busy Peak
card,CPU Memory Usage Percentage,((((0.0) if (((%cpu0-memused%+%cpu1-memused%) == 0)) else (1.0))) if (((%cpu0-memtotal%+%cpu1-memtotal%) == 0)) else (((%cpu0-memused%+%cpu1-memused%)/(%cpu0-memtotal%+%cpu1-memtotal%))/2)),kpi_CPU_Memory_Usage_Percentage,wrnKPICPUMemoryUsage55,StarOS KPI CPU Memory Usage Percentage ASR5500,CARD,CPU Memory Usage Percentage
card,CPU0 Memory Used,(%cpu0-memused%),kpi_CPU0_Memory_Used,wrnKPICPUMemoryUsage55,StarOS KPI CPU Memory Usage Percentage ASR5500,CARD,CPU0 Memory Used
card,CPU1 Memory Used,(%cpu1-memused%),kpi_CPU1_Memory_Used,wrnKPICPUMemoryUsage55,StarOS KPI CPU Memory Usage Percentage ASR5500,CARD,CPU1 Memory Used
card,CPU0 Memory Total,(%cpu0-memtotal%),kpi_CPU0_Memory_Total,wrnKPICPUMemoryUsage55,StarOS KPI CPU Memory Usage Percentage ASR5500,CARD,CPU0 Memory Total
card,CPU1 Memory Total,(%cpu1-memtotal%),kpi_CPU1_Memory_Total,wrnKPICPUMemoryUsage55,StarOS KPI CPU Memory Usage Percentage ASR5500,CARD,CPU1 Memory Total
card,CPU2 Memory Used,(%cpu2-memused%),kpi_CPU2_Memory_Used,wrnKPICPUMemoryUsage55v21,StarOS KPI CPU Memory Usage Percentage ASR5500_v21,CARD,CPU2 Memory Used
card,CPU2 Memory Total,(%cpu2-memtotal%),kpi_CPU2_Memory_Total,wrnKPICPUMemoryUsage55v21,StarOS KPI CPU Memory Usage Percentage ASR5500_v21,CARD,CPU2 Memory Total
card,CPU Memory Usage Percentage Last 5 Minutes Average,((((0.0) if (((%cpu0-5avg-memused%+%cpu1-5avg-memused%) == 0)) else (1.0))) if (((%cpu0-memtotal%+%cpu1-memtotal%) == 0)) else (((%cpu0-5avg-memused%+%cpu1-5avg-memused%)/(%cpu0-memtotal%+%cpu1-memtotal%))/2)),kpi_CPU_Memory_Usage_Percentage_Last_5_Minutes_Average,wrnKPICPUMemoryUsageLast5MinutesAverage55,StarOS KPI CPU Memory Usage Percentage Last 5 Mins Average ASR5500,CARD,CPU Memory Usage Percentage Last 5 Minutes Average
card,CPU0 Memory Used Average,(%cpu0-5avg-memused%),kpi_CPU0_Memory_Used_Average,wrnKPICPUMemoryUsageLast5MinutesAverage55,StarOS KPI CPU Memory Usage Percentage Last 5 Mins Average ASR5500,CARD,CPU0 Memory Used Average
card,CPU1 Memory Used Average,(%cpu1-5avg-memused%),kpi_CPU1_Memory_Used_Average,wrnKPICPUMemoryUsageLast5MinutesAverage55,StarOS KPI CPU Memory Usage Percentage Last 5 Mins Average ASR5500,CARD,CPU1 Memory Used Average
card,CPU2 Memory Used Average,(%cpu2-5avg-memused%),kpi_CPU2_Memory_Used_Average,wrnKPICPUMemoryUsageLast5MinutesAverage55v21,StarOS KPI CPU Memory Usage Percentage Last 5 Mins Average ASR5500_v21,CARD,CPU2 Memory Used Average
card,CPU Memory Usage Percentage Last 5 Minutes Peak,((((0.0) if (((%cpu0-5peak-memused%+%cpu1-5peak-memused%) == 0)) else (1.0))) if (((%cpu0-memtotal%+%cpu1-memtotal%) == 0)) else (((%cpu0-5peak-memused%+%cpu1-5peak-memused%)/(%cpu0-memtotal%+%cpu1-memtotal%))/2)),kpi_CPU_Memory_Usage_Percentage_Last_5_Minutes_Peak,wrnKPICPUMemoryUsageLast5MinutesPeak55,StarOS KPI CPU Memory Usage Percentage Last 5 Mins Peak ASR5500,CARD,CPU Memory Usage Percentage Last 5 Minutes Peak
card,CPU0 Memory Used Peak,(%cpu0-5peak-memused%),kpi_CPU0_Memory_Used_Peak,wrnKPICPUMemoryUsageLast5MinutesPeak55,StarOS KPI CPU Memory Usage Percentage Last 5 Mins Peak ASR5500,CARD,CPU0 Memory Used Peak
card,CPU1 Memory Used Peak,(%cpu1-5peak-memused%),kpi_CPU1_Memory_Used_Peak,wrnKPICPUMemoryUsageLast5MinutesPeak55,StarOS KPI CPU Memory Usage Percentage Last 5 Mins Peak ASR5500,CARD,CPU1 Memory Used Peak
card,CPU2 Memory Used Peak,(%cpu2-5peak-memused%),kpi_CPU2_Memory_Used_Peak,wrnKPICPUMemoryUsageLast5MinutesPeak55v21,StarOS KPI CPU Memory Usage Percentage Last 5 Mins Peak ASR5500_v21,CARD,CPU2 Memory Used Peak
system,DHCP Success Rate Percentage,((((0.0) if ((%addrDhcpAgg% == 0)) else (1.0))) if (((%addrDhcpAgg% + (%discReason78%+%discReason79%+%discReason80%+%discReason81%+%discReason82%)) == 0)) else ((%addrDhcpAgg%) / (%addrDhcpAgg% + (%discReason78%+%discReason79%+%discReason80%+%discReason81%+%discReason82%)))),kpi_DHCP_Success_Rate_Percentage,wrnApnSysTest,StarOS KPI DHCP Success Rate Percentage,SYSTEM,DHCP Success Rate Percentage
apn,GGSN CPC Request Total Number,(%att-pdp-ctxt%),kpi_GGSN_CPC_Request_Total_Number,wrnKpiGGSNCPCRequestTotalNumber,StarOS KPI GGSN CPC Request Total Number,APN,GGSN CPC Request Total Number
apn,GGSN Downlink Bytes Dropped Total Number,(%dnlnk-bytes-drop%),kpi_GGSN_Downlink_Bytes_Dropped_Total_Number,wrnKPIGGSNDownlinkBytesDroppedTotalNumber,StarOS KPI GGSN Downlink Bytes Dropped Total Number,APN,GGSN Downlink Bytes Dropped Total Number
apn,GGSN Downlink Bytes Total Number - Rising,(%dnlnk-bytes%),kpi_GGSN_Downlink_Bytes_Total_Number_Rising,wrnGGSNDownlinkBytesTotalNumber,StarOS KPI GGSN Downlink Bytes Total Number,APN,GGSN Downlink Bytes Total Number - Rising
apn,GGSN Downlink Bytes Total Number - Falling,(%dnlnk-bytes%),kpi_GGSN_Downlink_Bytes_Total_Number_Falling,wrnGGSNDownlinkBytesTotalNumber,StarOS KPI GGSN Downlink Bytes Total Number,APN,GGSN Downlink Bytes Total Number - Falling
apn,GGSN Downlink Packets Dropped Total Number,(%dnlnk-drop%),kpi_GGSN_Downlink_Packets_Dropped_Total_Number,wrnKPIGGSNDownlinkPacketsDroppedTotalNumber,StarOS KPI GGSN Downlink Packets Dropped Total Number,APN,GGSN Downlink Packets Dropped Total Number
apn,GGSN Downlink Packets Total Number - Rising,(%dnlnk-pkts%),kpi_GGSN_Downlink_Packets_Total_Number_Rising,wrnGGSNDownlinkPacketsTotalNumber,StarOS KPI GGSN Downlink Packets Total Number,APN,GGSN Downlink Packets Total Number - Rising
apn,GGSN Downlink Packets Total Number - Falling,(%dnlnk-pkts%),kpi_GGSN_Downlink_Packets_Total_Number_Falling,wrnGGSNDownlinkPacketsTotalNumber,StarOS KPI GGSN Downlink Packets Total Number,APN,GGSN Downlink Packets Total Number - Falling
apn,GGSN Dynamic IPv4 PDP Context Activation Total Number,(%dyn-ipv4-attempt%),kpi_GGSN_Dynamic_IPv4_PDP_Context_Activation_Total_Number,wrnKpiApnIpAdressStats,StarOS KPI GGSN Dynamic IPv4 PDP Context Activation Total Number,APN,GGSN Dynamic IPv4 PDP Context Activation Total Number
apn,GGSN Inbound Packets Dropped due to ACL Filtering Total Number,(%inacl-drop%),kpi_GGSN_Inbound_Packets_Dropped_due_to_ACL_Filtering_Total_Number,wrnGGSNInboundPacketsDropACLFilteringTotalNumber,StarOS KPI GGSN Inbound Packets Dropped due to ACL Filtering Total Number,APN,GGSN Inbound Packets Dropped due to ACL Filtering Total Number
apn,GGSN Outbound Packets Dropped due to ACL Filtering Total Number,(%outacl-drop%),kpi_GGSN_Outbound_Packets_Dropped_due_to_ACL_Filtering_Total_Number,wrnGGSNOutboundPacketsDropACLFiltering,StarOS KPI GGSN Outbound Packets Dropped due to ACL Filtering Total Number,APN,GGSN Outbound Packets Dropped due to ACL Filtering Total Number
apn,GGSN PDP Context Activation Success Rate Per APN,((((0.0) if (((%dyn-ipv4-success%+%dyn-ipv6-success%)==0)) else (1.0))) if (((%att-pdp-ctxt%)==0)) else ((%dyn-ipv4-success%+%dyn-ipv6-success%)/(%att-pdp-ctxt%))),kpi_GGSN_PDP_Context_Activation_Success_Rate_Per_APN,wrnKpiActivationSuccessRate,StarOS KPI GGSN PDP Context Activation Success Rate Per APN,APN,GGSN PDP Context Activation Success Rate Per APN
apn,GGSN PDP Context Current Number,(%sess-curr%),kpi_GGSN_PDP_Context_Current_Number,wrnKpiApnGGSNPDPContextCurrentNumber,StarOS KPI GGSN PDP Context Current Number,APN,GGSN PDP Context Current Number
apn,GGSN PDP Context Total Number - Rising,(%sess-tot%),kpi_GGSN_PDP_Context_Total_Number_Rising,wrnKpiGGSNPDPContextTotalNumber,StarOS KPI GGSN PDP Context Total Number,APN,GGSN PDP Context Total Number - Rising
apn,GGSN PDP Context Total Number - Falling,(%sess-tot%),kpi_GGSN_PDP_Context_Total_Number_Falling,wrnKpiGGSNPDPContextTotalNumber,StarOS KPI GGSN PDP Context Total Number,APN,GGSN PDP Context Total Number - Falling
apn,GGSN Received Packets Dropped Due to Bad Header Total Number,(%bad-hdr%),kpi_GGSN_Received_Packets_Dropped_Due_to_Bad_Header_Total_Number,wrnGGSNReceivedPacketsDroppedduetoBadHeader,StarOS KPI GGSN Received Packets Dropped due to Bad Header Total Number,APN,GGSN Received Packets Dropped Due to Bad Header Total Number
apn,GGSN Uplink Bytes Dropped Total Number,(%uplnk-bytes-drop%),kpi_GGSN_Uplink_Bytes_Dropped_Total_Number,wrnKPIGGSNUplinkBytesDroppedTotalNumber,StarOS KPI GGSN Uplink Bytes Dropped Total Number,APN,GGSN Uplink Bytes Dropped Total Number
apn,GGSN Uplink Bytes Total Number - Rising,(%uplnk-bytes%),kpi_GGSN_Uplink_Bytes_Total_Number_Rising,wrnGGSNUplinkBytesTotalNumber,StarOS KPI GGSN Uplink Bytes Total Number,APN,GGSN Uplink Bytes Total Number - Rising
apn,GGSN Uplink Bytes Total Number - Falling,(%uplnk-bytes%),kpi_GGSN_Uplink_Bytes_Total_Number_Falling,wrnGGSNUplinkBytesTotalNumber,StarOS KPI GGSN Uplink Bytes Total Number,APN,GGSN Uplink Bytes Total Number - Falling
apn,GGSN Uplink Packets Dropped Total Number,(%uplnk-drop%),kpi_GGSN_Uplink_Packets_Dropped_Total_Number,wrnKPIGGSNUplinkPacketsDroppedTotalNumber,StarOS KPI GGSN Uplink Packets Dropped Total Number,APN,GGSN Uplink Packets Dropped Total Number
apn,GGSN Uplink Packets Total Number - Rising,(%uplnk-pkts%),kpi_GGSN_Uplink_Packets_Total_Number_Rising,wrnGGSNUplinkPacketsTotalNumber,StarOS KPI GGSN Uplink Packets Total Number,APN,GGSN Uplink Packets Total Number - Rising
apn,GGSN Uplink Packets Total Number - Falling,(%uplnk-pkts%),kpi_GGSN_Uplink_Packets_Total_Number_Falling,wrnGGSNUplinkPacketsTotalNumber,StarOS KPI GGSN Uplink Packets Total Number,APN,GGSN Uplink Packets Total Number - Falling
apn,PGW APN Current Number of Sessions - System,(%sess-curr-all%),kpi_PGW_APN_Current_Number_of_Sessions_System,wrnsessCurrAllKpi,StarOS KPI PGW APN Current Number Of Sessions - System,APN,PGW APN Current Number of Sessions - System
apn,PGW APN IP Address Allocation Method Distribution - Static,(%addr-stat%),kpi_PGW_APN_IP_Address_Allocation_Method_Distribution_Static,wrnApnPDPContextIPAddrKpi,StarOS KPI PGW APN IP Address Allocation Method Distribution,APN,PGW APN IP Address Allocation Method Distribution - Static
apn,PGW APN IP Address Allocation Method Distribution - Pools Configured Locally,(%addr-lpool%),kpi_PGW_APN_IP_Address_Allocation_Method_Distribution_Pools_Configured_Locally,wrnApnPDPContextIPAddrKpi,StarOS KPI PGW APN IP Address Allocation Method Distribution,APN,PGW APN IP Address Allocation Method Distribution - Pools Configured Locally
apn,PGW APN IP Address Allocation Method Distribution - RADIUS Server,(%addr-rad%),kpi_PGW_APN_IP_Address_Allocation_Method_Distribution_RADIUS_Server,wrnApnPDPContextIPAddrKpi,StarOS KPI PGW APN IP Address Allocation Method Distribution,APN,PGW APN IP Address Allocation Method Distribution - RADIUS Server
apn,PGW APN IP Address Allocation Method Distribution - DHCP,(%addr-dhcp%),kpi_PGW_APN_IP_Address_Allocation_Method_Distribution_DHCP,wrnApnPDPContextIPAddrKpi,StarOS KPI PGW APN IP Address Allocation Method Distribution,APN,PGW APN IP Address Allocation Method Distribution - DHCP
apn,PGW APN IP Address Allocation Method Distribution - DHCP Relay,(%addr-dhcp-rly%),kpi_PGW_APN_IP_Address_Allocation_Method_Distribution_DHCP_Relay,wrnApnPDPContextIPAddrKpi,StarOS KPI PGW APN IP Address Allocation Method Distribution,APN,PGW APN IP Address Allocation Method Distribution - DHCP Relay
apn,PGW APN IP Address Allocation Method Distribution - No IP Addresses,(%addr-no-alloc%),kpi_PGW_APN_IP_Address_Allocation_Method_Distribution_No_IP_Addresses,wrnApnPDPContextIPAddrKpi,StarOS KPI PGW APN IP Address Allocation Method Distribution,APN,PGW APN IP Address Allocation Method Distribution - No IP Addresses
pgw,PGW EPS Bearers Modification - UE Initiated,(%sessstat-bearmod-ueinit%),kpi_PGW_EPS_Bearers_Modification_UE_Initiated,wrnSessionBearerModifiedKPI,StarOS KPI PGW EPS Bearers Modification - Distribution,PGW,PGW EPS Bearers Modification - UE Initiated
pgw,PGW EPS Bearers Modification - UE Initiated QOS,(%sessstat-bearmod-ueqos%),kpi_PGW_EPS_Bearers_Modification_UE_Initiated_QOS,wrnSessionBearerModifiedKPI,StarOS KPI PGW EPS Bearers Modification - Distribution,PGW,PGW EPS Bearers Modification - UE Initiated QOS
pgw,PGW EPS Bearers Modification - UE Initiated TFT,(%sessstat-bearmod-uetft%),kpi_PGW_EPS_Bearers_Modification_UE_Initiated_TFT,wrnSessionBearerModifiedKPI,StarOS KPI PGW EPS Bearers Modification - Distribution,PGW,PGW EPS Bearers Modification - UE Initiated TFT
pgw,PGW EPS Bearers Modification - Network Initiated,(%sessstat-bearmod-nwinit%),kpi_PGW_EPS_Bearers_Modification_Network_Initiated,wrnSessionBearerModifiedKPI,StarOS KPI PGW EPS Bearers Modification - Distribution,PGW,PGW EPS Bearers Modification - Network Initiated
pgw,PGW EPS Bearers Modification - Network Initiated QOS,(%sessstat-bearmod-nwqos%),kpi_PGW_EPS_Bearers_Modification_Network_Initiated_QOS,wrnSessionBearerModifiedKPI,StarOS KPI PGW EPS Bearers Modification - Distribution,PGW,PGW EPS Bearers Modification - Network Initiated QOS
pgw,PGW EPS Bearers Modification - Network Initiated TFT,(%sessstat-bearmod-nwtft%),kpi_PGW_EPS_Bearers_Modification_Network_Initiated_TFT,wrnSessionBearerModifiedKPI,StarOS KPI PGW EPS Bearers Modification - Distribution,PGW,PGW EPS Bearers Modification - Network Initiated TFT
pgw,PGW EPS Bearers Modification Failures - Network Initiated,(%sessstat-bearmodfail-nwinit%),kpi_PGW_EPS_Bearers_Modification_Failures_Network_Initiated,wrnSessionBearerModifiedNetworkFailKPI,StarOS KPI PGW EPS Bearers Modification Failures - Network,PGW,PGW EPS Bearers Modification Failures - Network Initiated
pgw,PGW EPS Bearers Modification Failures - Network Initiated No Resource,(%sessstat-bearmodfail-nwnores%),kpi_PGW_EPS_Bearers_Modification_Failures_Network_Initiated_No_Resource,wrnSessionBearerModifiedNetworkFailKPI,StarOS KPI PGW EPS Bearers Modification Failures - Network,PGW,PGW EPS Bearers Modification Failures - Network Initiated No Resource
pgw,PGW EPS Bearers Modification Failures - Network Initiated No Memory,(%sessstat-bearmodfail-nwnomem%),kpi_PGW_EPS_Bearers_Modification_Failures_Network_Initiated_No_Memory,wrnSessionBearerModifiedNetworkFailKPI,StarOS KPI PGW EPS Bearers Modification Failures - Network,PGW,PGW EPS Bearers Modification Failures - Network Initiated No Memory
pgw,PGW EPS Bearers Modification Failures - Network Initiated System Failure,(%sessstat-bearmodfail-nwsysfail%),kpi_PGW_EPS_Bearers_Modification_Failures_Network_Initiated_System_Failure,wrnSessionBearerModifiedNetworkFailKPI,StarOS KPI PGW EPS Bearers Modification Failures - Network,PGW,PGW EPS Bearers Modification Failures - Network Initiated System Failure
pgw,PGW EPS Bearers Modification Failures - Network Initiated TFT Semantic Error,(%sessstat-bearmodfail-nwsemtft%),kpi_PGW_EPS_Bearers_Modification_Failures_Network_Initiated_TFT_Semantic_Error,wrnSessionBearerModFailNwPktErrKPI,StarOS KPI PGW EPS Bearers Modification Failures - NW Error,PGW,PGW EPS Bearers Modification Failures - Network Initiated TFT Semantic Error
pgw,PGW EPS Bearers Modification Failures - Network Initiated TFT Syntax Error,(%sessstat-bearmodfail-nwsyntft%),kpi_PGW_EPS_Bearers_Modification_Failures_Network_Initiated_TFT_Syntax_Error,wrnSessionBearerModFailNwPktErrKPI,StarOS KPI PGW EPS Bearers Modification Failures - NW Error,PGW,PGW EPS Bearers Modification Failures - Network Initiated TFT Syntax Error
pgw,PGW EPS Bearers Modification Failures - Network Initiated Packet Filter Semantic Error,(%sessstat-bearmodfail-nwsempkt%),kpi_PGW_EPS_Bearers_Modification_Failures_Network_Initiated_Packet_Filter_Semantic_Error,wrnSessionBearerModFailNwPktErrKPI,StarOS KPI PGW EPS Bearers Modification Failures - NW Error,PGW,PGW EPS Bearers Modification Failures - Network Initiated Packet Filter Semantic Error
pgw,PGW EPS Bearers Modification Failures - Network Initiated Packet Filter Syntax Error,(%sessstat-bearmodfail-nwsynpkt%),kpi_PGW_EPS_Bearers_Modification_Failures_Network_Initiated_Packet_Filter_Syntax_Error,wrnSessionBearerModFailNwPktErrKPI,StarOS KPI PGW EPS Bearers Modification Failures - NW Error,PGW,PGW EPS Bearers Modification Failures - Network Initiated Packet Filter Syntax Error
pgw,PGW EPS Bearers Modification Failures - UE Initiated,(%sessstat-bearmodfail-ueinit%),kpi_PGW_EPS_Bearers_Modification_Failures_UE_Initiated,wrnSessionBearerModifiedUeFailKPI,StarOS KPI PGW EPS Bearers Modification Failures - UE,PGW,PGW EPS Bearers Modification Failures - UE Initiated
pgw,PGW EPS Bearers Modification Failures - UE Initiated No Resource,(%sessstat-bearmodfail-uenores%),kpi_PGW_EPS_Bearers_Modification_Failures_UE_Initiated_No_Resource,wrnSessionBearerModifiedUeFailKPI,StarOS KPI PGW EPS Bearers Modification Failures - UE,PGW,PGW EPS Bearers Modification Failures - UE Initiated No Resource
pgw,PGW EPS Bearers Modification Failures - UE Initiated TFT Semantic Error,(%sessstat-bearmodfail-uesemtft%),kpi_PGW_EPS_Bearers_Modification_Failures_UE_Initiated_TFT_Semantic_Error,wrnSessionBearerModifiedUeFailKPI,StarOS KPI PGW EPS Bearers Modification Failures - UE,PGW,PGW EPS Bearers Modification Failures - UE Initiated TFT Semantic Error
pgw,PGW EPS Bearers Modification Failures - UE Initiated TFT Syntax Error,(%sessstat-bearmodfail-uesyntft%),kpi_PGW_EPS_Bearers_Modification_Failures_UE_Initiated_TFT_Syntax_Error,wrnSessionBearerModifiedUeFailKPI,StarOS KPI PGW EPS Bearers Modification Failures - UE,PGW,PGW EPS Bearers Modification Failures - UE Initiated TFT Syntax Error
pgw,PGW EPS Bearers Modification Failures - UE Initiated Packet Filter Semantic Error,(%sessstat-bearmodfail-uesempkt%),kpi_PGW_EPS_Bearers_Modification_Failures_UE_Initiated_Packet_Filter_Semantic_Error,wrnSessionBearerModifiedUeFailKPI,StarOS KPI PGW EPS Bearers Modification Failures - UE,PGW,PGW EPS Bearers Modification Failures - UE Initiated Packet Filter Semantic Error
pgw,PGW EPS Bearers Modification Failures - UE Initiated Packet Filter Syntax Error,(%sessstat-bearmodfail-uesynpkt%),kpi_PGW_EPS_Bearers_Modification_Failures_UE_Initiated_Packet_Filter_Syntax_Error,wrnSessionBearerModifiedUeFailKPI,StarOS KPI PGW EPS Bearers Modification Failures - UE,PGW,PGW EPS Bearers Modification Failures - UE Initiated Packet Filter Syntax Error
apn,PGW LTE Throughput per User DL,((%data-touseravg-bps%/(1000 * 1000))),kpi_PGW_LTE_Throughput_per_User_DL,wrnP-GWLTEthroughputperuserDL,StarOS KPI PGW LTE Throughput per User DL,APN,PGW LTE Throughput per User DL
apn,PGW LTE Throughput per User UL,((%data-fromuseravg-bps%/(1000 * 1000))),kpi_PGW_LTE_Throughput_per_User_UL,wrnP-GWLTEthroughputperuserUL,StarOS KPI PGW LTE Throughput per User UL,APN,PGW LTE Throughput per User UL
pgw,PGW UE Bearers Modified,(%sessstat-bearmod-ueinit%),kpi_PGW_UE_Bearers_Modified,wrnSessionBearerModified,StarOS PGW Modified Session Statistics,PGW,PGW UE Bearers Modified
pgw,PGW UE Bearers Modified QoS,(%sessstat-bearmod-ueqos%),kpi_PGW_UE_Bearers_Modified_QoS,wrnSessionBearerModified,StarOS PGW Modified Session Statistics,PGW,PGW UE Bearers Modified QoS
pgw,PGW UE Bearers Modified TFT,(%sessstat-bearmod-uetft%),kpi_PGW_UE_Bearers_Modified_TFT,wrnSessionBearerModified,StarOS PGW Modified Session Statistics,PGW,PGW UE Bearers Modified TFT
pgw,PGW Network Bearers Modified,(%sessstat-bearmod-nwinit%),kpi_PGW_Network_Bearers_Modified,wrnSessionBearerModified,StarOS PGW Modified Session Statistics,PGW,PGW Network Bearers Modified
pgw,PGW Network Bearers Modified QoS,(%sessstat-bearmod-nwqos%),kpi_PGW_Network_Bearers_Modified_QoS,wrnSessionBearerModified,StarOS PGW Modified Session Statistics,PGW,PGW Network Bearers Modified QoS
pgw,PGW Network Bearers Modified TFT,(%sessstat-bearmod-nwtft%),kpi_PGW_Network_Bearers_Modified_TFT,wrnSessionBearerModified,StarOS PGW Modified Session Statistics,PGW,PGW Network Bearers Modified TFT
pgw,PGW Network Bearers Modification Failed,(%sessstat-bearmodfail-nwinit%),kpi_PGW_Network_Bearers_Modification_Failed,wrnSessionBearerModifiedNetworkFail,StarOS PGW N/W Modification Failure Session Statistics,PGW,PGW Network Bearers Modification Failed
pgw,PGW Network Bearers Modification Failure No Resource,(%sessstat-bearmodfail-nwnores%),kpi_PGW_Network_Bearers_Modification_Failure_No_Resource,wrnSessionBearerModifiedNetworkFail,StarOS PGW N/W Modification Failure Session Statistics,PGW,PGW Network Bearers Modification Failure No Resource
pgw,PGW Network Bearers Modification Failure No Memory,(%sessstat-bearmodfail-nwnomem%),kpi_PGW_Network_Bearers_Modification_Failure_No_Memory,wrnSessionBearerModifiedNetworkFail,StarOS PGW N/W Modification Failure Session Statistics,PGW,PGW Network Bearers Modification Failure No Memory
pgw,PGW Network Bearers Modification Failure System Failure,(%sessstat-bearmodfail-nwsysfail%),kpi_PGW_Network_Bearers_Modification_Failure_System_Failure,wrnSessionBearerModifiedNetworkFail,StarOS PGW N/W Modification Failure Session Statistics,PGW,PGW Network Bearers Modification Failure System Failure
pgw,PGW Network Bearers Modification Failure TFT Semantic Error,(%sessstat-bearmodfail-nwsemtft%),kpi_PGW_Network_Bearers_Modification_Failure_TFT_Semantic_Error,wrnSessionBearerModifiedNetworkFail,StarOS PGW N/W Modification Failure Session Statistics,PGW,PGW Network Bearers Modification Failure TFT Semantic Error
pgw,PGW Network Bearers Modification Failure TFT Syntax Error,(%sessstat-bearmodfail-nwsyntft%),kpi_PGW_Network_Bearers_Modification_Failure_TFT_Syntax_Error,wrnSessionBearerModifiedNetworkFail,StarOS PGW N/W Modification Failure Session Statistics,PGW,PGW Network Bearers Modification Failure TFT Syntax Error
pgw,PGW UE Bearers Modification Failed,(%sessstat-bearmodfail-ueinit%),kpi_PGW_UE_Bearers_Modification_Failed,wrnSessionBearerModifiedUeFail,StarOS PGW UE Modification Failure Session Statistics,PGW,PGW UE Bearers Modification Failed
pgw,PGW UE Bearers Modification Failure No Resource,(%sessstat-bearmodfail-uenores%),kpi_PGW_UE_Bearers_Modification_Failure_No_Resource,wrnSessionBearerModifiedUeFail,StarOS PGW UE Modification Failure Session Statistics,PGW,PGW UE Bearers Modification Failure No Resource
pgw,PGW UE Bearers Modification Failure TFT Semantic Error,(%sessstat-bearmodfail-uesemtft%),kpi_PGW_UE_Bearers_Modification_Failure_TFT_Semantic_Error,wrnSessionBearerModifiedUeFail,StarOS PGW UE Modification Failure Session Statistics,PGW,PGW UE Bearers Modification Failure TFT Semantic Error
pgw,PGW UE Bearers Modification Failure TFT Syntax Error,(%sessstat-bearmodfail-uesyntft%),kpi_PGW_UE_Bearers_Modification_Failure_TFT_Syntax_Error,wrnSessionBearerModifiedUeFail,StarOS PGW UE Modification Failure Session Statistics,PGW,PGW UE Bearers Modification Failure TFT Syntax Error
pgw,PGW UE Bearers Modification Failure Packet Filter Semantic Error,(%sessstat-bearmodfail-uesempkt%),kpi_PGW_UE_Bearers_Modification_Failure_Packet_Filter_Semantic_Error,wrnSessionBearerModifiedUeFail,StarOS PGW UE Modification Failure Session Statistics,PGW,PGW UE Bearers Modification Failure Packet Filter Semantic Error
pgw,PGW UE Bearers Modification Failure Packet Filter Syntax Error,(%sessstat-bearmodfail-uesynpkt%),kpi_PGW_UE_Bearers_Modification_Failure_Packet_Filter_Syntax_Error,wrnSessionBearerModifiedUeFail,StarOS PGW UE Modification Failure Session Statistics,PGW,PGW UE Bearers Modification Failure Packet Filter Syntax Error